name,BNN
3ol,0.8925275
1xd,0.8935847
1u3,0.8912407
5ke,0.891218
3ol,0.891418
5va,0.8945767
1pi,0.89294726
3ol,0.89258385
3ol,0.89276093
1jf,0.8931514
1UA,0.8917871
3CP,0.8906595
1XH,0.8929094
1XD,0.8940718
3BA,0.8926728
1XH,0.89300954
1XD,0.8930492
1BA,0.89053535
1WO,0.8948288
1JF,0.8930601
1U3,0.89113355
1U3,0.8912517
3L2,0.89312863
2QV,0.89079916
6Z8,0.89312387
1XC,0.89129466
3BA,0.8905046
5TD,0.89433074
1XC,0.8931083
6M4,0.8920224
1G9,0.8921891
1e5,0.8878321
1h5,0.89159644
1oc,0.8859507
8a3,0.8885362
1w3,0.8872961
1w3,0.8881364
1qi,0.88742495
5a3,0.8879473
4A3,0.88689077
1G0,0.89263797
8A3,0.88653255
5A8,0.8912942
5A9,0.8889046
5A8,0.89053786
4HU,0.8907386
3A3,0.88861793
5A8,0.8874899
1QI,0.89033103
1HF,0.88768935
1W3,0.8878381
2CK,0.8888361
2A3,0.8875806
1TV,0.8901432
2V3,0.88830084
b14,0.88913256
b15,0.88942075
b1d,0.88862014
b20,0.8880915
b22,0.88672906
b26,0.88978475
5xg,0.87204033
5f8,0.88959014
5f9,0.8645249
5F8,0.89053404
5DU,0.89335877
5F8,0.88986886
5VB,0.8943268
3WM,0.8901269
3WM,0.8834686
5F8,0.89569664
5XG,0.8717041
6BF,0.8942253
b2c,0.8720065
1gw,0.8756626
1OH,0.84060186
1W8,0.87955564
1W8,0.873018
1GW,0.87317395
1GW,0.8669071
n01,0.512407
n08,0.4198749
n45,0.8749324
n46,0.8698175
n48,0.8791928
b19,0.88483983
n57,0.013531873
n71,0.2907299
n78,0.2734871
n7f,0.42773083
n80,0.36806765
n8f,0.001076815
n96,0.6530568
na1,0.66627455
1of,0.8916373
4cs,0.88117975
4c1,0.8935129
4d5,0.89258796
1IU,0.89182264
7C3,0.89329195
7C3,0.8947097
7C3,0.88994706
4CS,0.881015
5EO,0.8917975
4UO,0.89363724
5EO,0.89249206
4C1,0.8905335
4AH,0.8931029
4D5,0.8939827
4AH,0.8947551
1IU,0.8909342
b0d,0.89099467
b0d,0.8919537
b43,0.8903331
b58,0.89227724
b76,0.8916195
1wd,0.8900015
2xg,0.8860171
1IT,0.88659286
1B1,0.8843812
1Q6,0.8883974
1VE,0.88673323
1VE,0.8870629
1VE,0.8849134
1FA,0.8888962
1B9,0.8867109
1J1,0.8870621
1Q6,0.8863059
1V3,0.89001375
1VE,0.8862253
1V3,0.8871978
5WQ,0.8881672
2XF,0.8876371
1J1,0.88739777
1Q6,0.887589
b19,0.8854427
b1a,0.8868024
b3b,0.886053
b97,0.885936
ba8,0.887892
bad,0.8891062
bae,0.8837326
3th,0.89460397
1TY,0.8916302
1TY,0.8948255
1TY,0.8918488
1TS,0.8925199
1QA,0.89214015
1QA,0.88957894
1QA,0.89247626
1TY,0.8909109
1CL,0.89353734
b3d,0.8913217
2ZQ,0.88418025
2ZQ,0.88659424
2DR,0.88973814
2DR,0.89104325
b2f,0.8667561
1G8,0.89104825
1ax,0.8918515
3n3,0.890531
5t5,0.8931222
5kx,0.8920076
5t5,0.8927855
1ax,0.8978073
1ri,0.8900389
4xt,0.8928778
4xt,0.8926863
1gz,0.8943444
1ax,0.89367133
1ax,0.89560884
3zy,0.89262825
1gz,0.8928326
2AR,0.8930647
1HK,0.89295125
6VC,0.894391
1G7,0.8917238
1N3,0.8931773
1GZ,0.8935784
2LT,0.89327204
1LG,0.88731545
2PH,0.89310145
1S1,0.89073205
2DV,0.894999
3N3,0.8954103
2TE,0.89475024
4XX,0.8904856
2LA,0.896053
1G9,0.89687395
1AX,0.89453626
4U3,0.894659
2FM,0.89318895
2AR,0.8930138
2DT,0.89445144
1HQ,0.8950876
1LE,0.89294314
4XT,0.8928492
2SB,0.8939792
6VC,0.8919895
2AR,0.8938841
6V9,0.8916754
2DU,0.8908782
3UJ,0.8951087
1UK,0.89596987
1LE,0.8926351
2PH,0.89137816
2DU,0.8943561
1QF,0.89494413
2GM,0.8910637
4M3,0.89459443
1WB,0.89197236
2E7,0.88883394
1LU,0.8942975
1RI,0.89129615
1Q8,0.89588356
5AV,0.8931993
5T5,0.89398897
5KX,0.8927206
1LU,0.8936854
2GM,0.89263093
5KX,0.891534
1GS,0.89037967
1QO,0.8953144
5T7,0.8951915
1UZ,0.89254004
5U3,0.8942381
1V0,0.894237
5T5,0.8940602
1FA,0.89258
1DZ,0.89061826
5KX,0.89463043
5EY,0.89414835
1UZ,0.8924597
2E7,0.8933799
1BZ,0.89321333
5EY,0.89427257
5KX,0.89313996
2GN,0.8951716
1CI,0.89578557
1QN,0.89337844
1QO,0.89360595
1Q8,0.89273566
1FN,0.8905923
3WO,0.89584184
3WC,0.8922928
3IP,0.8931538
1LO,0.8938144
1LU,0.8950726
1N4,0.8906716
1LO,0.89149344
2GN,0.8954906
2GM,0.8932517
2BQ,0.8969881
3WC,0.8920918
1FA,0.89471537
1Q8,0.89243704
1FN,0.8945651
1JX,0.89044535
5T5,0.89306426
1RI,0.89301115
2GN,0.8936732
1LO,0.8929748
1WB,0.89573425
2GN,0.8923595
1DB,0.8918029
4WV,0.893416
5T5,0.89650506
2AU,0.893828
1Q8,0.89436823
1CR,0.89300674
5T5,0.89405257
2ZM,0.8917899
2D3,0.88960123
6VG,0.893692
1FY,0.89333314
1LO,0.89055246
1SB,0.8927767
5T5,0.8948278
1QO,0.89444435
1F9,0.89538985
1SB,0.8942005
2GN,0.8926516
1RI,0.89217186
1LO,0.8935063
2E5,0.89409035
1LO,0.89357495
2GN,0.89523077
1SB,0.8925893
2ZM,0.8955034
1CQ,0.89446115
1V6,0.8929907
2DV,0.8938522
2B7,0.88856584
3ZY,0.89210045
1LE,0.89055896
1AX,0.8918911
3UK,0.8928508
2DT,0.8927688
2DV,0.8974166
1V6,0.89470476
6VA,0.8925301
2DV,0.89397246
1AX,0.8967022
1GN,0.8961264
2EI,0.8952533
1AX,0.89303
6VA,0.89049155
1V6,0.8941168
1V6,0.8945711
1LE,0.895041
1V6,0.8958355
1V6,0.8930797
2DV,0.8927683
2PE,0.8962263
3ZV,0.89233917
1GZ,0.8932342
1BJ,0.89313126
1SF,0.8929861
1V6,0.89273477
2AR,0.894107
6AQ,0.89341486
1Q8,0.89176023
6AQ,0.89223564
2E5,0.8927364
b00,0.894202
b1b,0.89397407
b21,0.8937676
b2c,0.89432997
b2d,0.8938618
b2f,0.8942983
b32,0.8942478
b35,0.89391845
b43,0.89172864
b50,0.89119446
b52,0.8950157
b59,0.89434946
b59,0.89561725
b79,0.8939138
b80,0.8936131
b99,0.8959062
4I4,0.8940779
2y9,0.89387214
4I4,0.8936869
4I4,0.89326173
4I4,0.8920195
4I4,0.89134717
4I4,0.89289606
2Y9,0.8953143
4I4,0.8927637
4I4,0.89389
5YN,0.88499933
4j3,0.8874266
2y4,0.8871114
2FH,0.8852392
2FH,0.8835262
2FH,0.8851583
2FH,0.8855073
2FH,0.88608056
6J4,0.8873465
4J3,0.88660425
6J3,0.88599366
4J3,0.88697946
4J3,0.8893003
4J3,0.8880646
4J3,0.88679373
b9e,0.88705164
ba2,0.8861545
ba9,0.8841258
bac,0.88809323
6KZ,0.88691384
3al,0.8897445
6gh,0.89053696
7L6,0.8909616
4N3,0.8903109
1K9,0.8900267
6JJ,0.8904315
3P7,0.89257425
4N3,0.8926635
7L6,0.8938824
4KZ,0.8900211
7L6,0.89035714
4N3,0.8907691
2XR,0.89099586
6A7,0.88942546
1K9,0.88980407
6PW,0.89205027
4N3,0.89025337
7L6,0.89093596
4N3,0.88962936
7L6,0.89352334
3P5,0.88913
4MT,0.8917339
7JU,0.8907879
3P5,0.8912547
4N3,0.8901213
7L6,0.8893596
7JU,0.8913489
6PW,0.8881768
6A7,0.8922406
7L6,0.8913245
5VY,0.8885785
1SL,0.88849676
1EG,0.89218545
3ZH,0.89079785
4ZR,0.8880296
1SL,0.8922425
2OX,0.8904686
6XI,0.8813912
1SL,0.8853518
5B1,0.88908553
1JZ,0.8899593
2OX,0.8860489
3C2,0.8938925
5K8,0.8788719
6YA,0.85873693
3KQ,0.8919447
2IT,0.8883178
5JQ,0.8876868
5JP,0.8801236
4ZE,0.89012414
2IT,0.8889237
3WB,0.88887155
1WM,0.8844719
1EG,0.8926685
1XP,0.8861409
3WB,0.89084107
1DV,0.88728935
3WB,0.89083964
6GH,0.8888185
4AK,0.8892519
5B1,0.8800099
1WM,0.88867724
4ZE,0.8924507
1XA,0.8838469
6W1,0.8767607
3AL,0.88931906
6PU,0.8733696
3P5,0.8736099
3P5,0.8890146
3VY,0.87783384
3VY,0.8895049
3P5,0.8915647
7L6,0.88841224
3P7,0.89200395
3AL,0.89049345
3WH,0.88809675
4N3,0.8891229
6PY,0.8760507
3WH,0.88817865
3WH,0.88856393
4GK,0.8880442
4EZ,0.82768893
b0b,0.8898365
b1d,0.84697455
b30,0.89174074
b3a,0.8778665
5ZH,0.8936947
5ZH,0.8914764
2ZH,0.8777961
3oy,0.8785352
5h9,0.8908229
3ap,0.88839453
6eo,0.89283335
5t7,0.8814579
5e8,0.89266866
3oy,0.88929605
3t1,0.88762856
5du,0.8790357
1kj,0.8937196
6eo,0.89187974
4y2,0.8858098
3ay,0.89092475
3ay,0.89092517
3t2,0.8875357
4lb,0.8908301
5h9,0.88664925
4ym,0.89078635
2xg,0.8904499
4jc,0.8903252
5od,0.89122796
6i7,0.8932593
6i7,0.8897183
6i7,0.8891871
5nf,0.89240366
6g0,0.89117
5e8,0.88881844
5e8,0.89203745
3t1,0.8913969
3zx,0.8630823
4gx,0.8921316
5h9,0.87471086
5h9,0.89338094
4lb,0.89503294
3ap,0.8799186
5oa,0.89327186
3i8,0.8422124
4jc,0.8917163
2nn,0.89322835
5nf,0.890698
6i7,0.89055985
5nf,0.89116526
6i7,0.8925712
2ZH,0.88864744
4XB,0.8779005
2YY,0.85597533
5NM,0.8928387
2NM,0.890727
2ZH,0.88190264
3GA,0.8801209
2D6,0.89174026
4R9,0.8895182
4Q2,0.8731714
4Q2,0.8883804
4XB,0.89060324
1GZ,0.89428526
1BK,0.884085
2DY,0.8314536
4Y1,0.89260995
3LS,0.8683332
4R9,0.8924557
5NM,0.89304733
5NL,0.891411
2YV,0.89149153
2YX,0.85451424
6I7,0.89090085
5NL,0.8904795
5OD,0.8912207
2ZH,0.8796456
3LS,0.86254096
4Y1,0.8913219
4R9,0.8892602
4Q2,0.8904598
2XG,0.8916443
4R9,0.89270693
5DU,0.8771681
3WL,0.8899324
4UW,0.87625766
1HL,0.8651503
1SL,0.8911258
1SL,0.8852049
5NF,0.8935907
3AP,0.8906118
5EX,0.89235
3DU,0.89040756
5GZ,0.88103014
3ZS,0.8948456
3ZS,0.89387184
5GZ,0.89306337
3AJ,0.89368576
1IS,0.89115334
3AP,0.8889064
5NF,0.89436346
1SL,0.8863248
4UW,0.83666307
4UW,0.8385672
7BE,0.88937896
5T7,0.8934595
3AP,0.88941926
5NF,0.8919607
3M2,0.8894166
3AP,0.89093953
5NF,0.8911174
5GA,0.8723781
1IS,0.89226365
1WL,0.8928182
5IU,0.89138484
5GZ,0.870344
5GZ,0.88796234
3OJ,0.88082415
3AJ,0.89041746
1IS,0.8913002
3AP,0.893881
1SL,0.8698061
4BM,0.87854093
5T7,0.89121526
4UW,0.8542037
6QL,0.8919481
4YM,0.8923974
4LB,0.889739
5MW,0.8930147
5GZ,0.8811251
3ZS,0.8918748
3ZS,0.8911093
1WL,0.8824839
7P8,0.8909184
4NO,0.88958585
4YM,0.89063627
6QL,0.8904414
5T7,0.88537145
4YM,0.8910193
3W5,0.8872541
4WV,0.8413617
4BM,0.8908075
1W6,0.8894442
1W6,0.882806
5E8,0.89238083
1WL,0.8924129
1IS,0.8921579
1KJ,0.8898161
4WV,0.87899363
3WU,0.8679684
3W5,0.88327134
4YM,0.88954574
5DG,0.8648837
1A3,0.88641477
4YL,0.8920661
5OA,0.89458156
3NV,0.86617035
4JC,0.8907999
3VK,0.8850451
2EA,0.8721415
3VK,0.8912442
5JP,0.88876855
5T7,0.88580275
6QL,0.89085585
5DG,0.8909658
4LB,0.893142
5MW,0.89213455
3NV,0.8442717
2GA,0.8172094
5E8,0.89224213
5E8,0.8909435
3NV,0.8454569
4LB,0.8898302
6QL,0.89062536
6QL,0.8937528
6FO,0.8928505
6F8,0.89134103
1QM,0.89404875
6F6,0.8916421
4LB,0.892621
6RH,0.89039344
3T2,0.8916474
6Y4,0.8935192
3AP,0.8892913
6RH,0.89294076
4LB,0.8944111
4BM,0.8913466
4BL,0.8900202
5VW,0.8943622
6QL,0.89284676
6QL,0.8910132
4LB,0.89264053
3NV,0.8599382
5JP,0.88058287
3T1,0.8915665
1W6,0.89126974
1W6,0.8901805
3AK,0.8872483
1KJ,0.8910335
3T1,0.89105535
5NF,0.88975656
4LB,0.8908468
4BL,0.89131624
6QL,0.89060485
4Y2,0.8927323
3I8,0.8510873
6QG,0.8903696
2D6,0.8892634
6Q0,0.89141726
5DU,0.8894722
5H9,0.8835506
3AY,0.8938978
6I7,0.8896601
4Q1,0.8923422
6I7,0.8936923
3AY,0.8923939
3VV,0.8905162
5H9,0.89191407
4GA,0.86374986
2D6,0.8855517
2D6,0.89031047
6QG,0.8905056
6Q1,0.891941
5DU,0.8885485
5H9,0.89128375
4GX,0.8832817
5NL,0.8925179
4XB,0.80852973
6I7,0.8899947
4Q1,0.88950294
6I7,0.89366233
5H9,0.8514869
5DU,0.8387442
2D6,0.8907751
4GA,0.89008796
4Y2,0.8914311
2D6,0.8915598
2YM,0.8965669
5NL,0.8904931
6KX,0.8945458
3ZX,0.87868613
2ZK,0.8895664
6F2,0.89239115
5NM,0.8887372
6KX,0.89364046
3ZX,0.8403426
4XZ,0.81303024
4RL,0.89174163
4Y2,0.8895725
6B8,0.8923626
6B9,0.8948692
6Y7,0.8894612
6H6,0.89251953
6EY,0.89111304
6VT,0.84326464
7TK,0.8695624
3AY,0.8923026
7TR,0.8539292
7N5,0.86167574
7N8,0.8696354
6VT,0.8794076
7RD,0.87711775
b08,0.887994
b29,0.892817
b2f,0.8911026
b4c,0.8914485
b88,0.88050795
b9a,0.8875718
4G9,0.88937
4G9,0.89250267
3AC,0.8861343
3AC,0.8831966
3AC,0.8841088
n04,0.7140151
n06,0.2845116
n07,0.52524734
n08,0.73843306
b13,0.8661545
b1c,0.88376135
n57,0.7988673
n66,0.87365514
n67,0.75484884
n67,0.53219414
n68,0.76443756
n69,0.74401426
n6e,0.3463196
n70,0.6344641
n72,0.73356414
n74,0.27941477
n76,0.4985661
n79,0.65430963
n7c,0.8565764
n92,0.2764891
n92,0.8024788
n93,0.7458486
n96,0.65736383
n97,0.20842029
n98,0.7578263
n9b,0.78494364
n9f,0.7761127
na3,0.6753684
na5,0.7268581
na5,0.41746962
na6,0.86221266
nb0,0.78685904
nb0,0.8192179
2ZX,0.89081603
2ZX,0.8865464
2ZX,0.8876349
2ZX,0.88881814
5H4,0.8888222
2ZB,0.8899506
4cz,0.88973206
4pf,0.89372236
1jy,0.8901669
1jo,0.89243615
1jn,0.8931051
1jy,0.89098084
1DQ,0.8940443
5TG,0.88975763
1AZ,0.8925577
1EN,0.8942111
5BY,0.8943824
1EN,0.8920898
1DQ,0.8927926
1DQ,0.8960097
6GW,0.8921606
1EN,0.8915937
4TZ,0.8913907
2EF,0.896098
1C5,0.8931597
2D7,0.89429635
1QD,0.8904805
1DG,0.8940489
2P3,0.8931632
2UU,0.8916861
3CN,0.8918795
1DQ,0.892698
1DQ,0.8892691
3EN,0.89183974
2P3,0.89178014
1CN,0.8908277
4PC,0.8941563
1DQ,0.8883716
2JE,0.89438325
2OW,0.8930674
4K1,0.89229035
3A0,0.890919
1NL,0.8902848
4I3,0.89051473
1JY,0.891402
4K1,0.8912261
1CE,0.89382344
3U4,0.89102113
1TE,0.8928166
3SN,0.89266133
1I3,0.8901657
1GI,0.8940062
5WE,0.8928879
4L8,0.8928569
2CY,0.8962443
2CT,0.8914937
2CW,0.8924414
2JE,0.8916429
4NO,0.8934618
4K2,0.89158547
5YG,0.8918253
1JO,0.8924789
4K2,0.897174
1QN,0.89291143
5CN,0.89174163
1BX,0.89349794
4H5,0.8941876
1NX,0.89504707
1WU,0.89295506
2OV,0.8917852
3RS,0.8939754
3RR,0.8900977
1JY,0.89033705
1JB,0.8937921
1SC,0.8945065
1SC,0.8955538
1H9,0.89151114
2JD,0.8925228
1JU,0.8922836
1AP,0.89089084
1GK,0.89404434
1JW,0.8915086
4P1,0.8918293
1H9,0.8937517
1CJ,0.89411336
2EN,0.89595556
6CJ,0.89261246
2D3,0.8940037
2JE,0.893568
2CN,0.89366287
2D3,0.89207137
1XQ,0.89047813
3D4,0.8921695
5U3,0.89234406
1JN,0.8917775
4PF,0.89213943
1QG,0.8942103
1CO,0.8932653
4Z8,0.8924343
2P2,0.8921431
3SH,0.89349014
1VL,0.8922144
1QD,0.89048076
1HQ,0.8953663
3AX,0.89100057
1CV,0.8940163
1ON,0.8934985
1VA,0.89292544
4TY,0.89297974
4CZ,0.8930674
5UU,0.89304054
1VA,0.89321405
1MV,0.88927025
5Z5,0.89026153
7MG,0.89425623
7MG,0.89135134
4MY,0.8915046
b3a,0.8922424
b3d,0.894794
b42,0.8925469
b9e,0.8910076
7KM,0.88656336
3vz,0.89298934
3lm,0.892648
2bm,0.88983786
1VB,0.8908623
3VY,0.8939823
3VY,0.8944406
5KR,0.89291114
5TQ,0.88969445
5XF,0.8908142
4DD,0.89061964
5XF,0.88896936
3LM,0.89144844
5AV,0.89279413
4PI,0.886762
4PI,0.88965577
4AK,0.8921677
7V4,0.8914071
4PI,0.8904164
6FL,0.8908748
1X1,0.8897449
1J4,0.8913443
5GV,0.8909961
5EX,0.8874067
6FL,0.88843364
5M6,0.8909754
4PI,0.888315
1C3,0.88150924
6FL,0.88996184
3LL,0.8918148
3MI,0.88843346
7V4,0.89000297
1JO,0.8906907
1C3,0.88882226
3WO,0.88902545
3LL,0.89258975
3MI,0.88680077
3MI,0.8898959
1C3,0.8899506
3WO,0.89198667
3R5,0.8891779
3VZ,0.8887074
2BN,0.8883831
1XX,0.8926787
3R5,0.8918478
3VZ,0.8932737
3VZ,0.89131224
3R5,0.89020187
1XX,0.8923147
2BM,0.89019686
2BM,0.890841
b23,0.8928602
b41,0.8868486
b41,0.89191765
ba3,0.8912546
4OI,0.79388404
1B2,0.89374185
8A9,0.8918912
1NP,0.8791833
1XD,0.8918525
1BW,0.88841295
1XD,0.8958091
1KJ,0.88867986
3DZ,0.8819847
4PD,0.8877231
1MS,0.8224785
4OI,0.82735384
3A0,0.890494
3A0,0.8910947
3A0,0.8887432
4OK,0.67400444
1NI,0.88145876
4H3,0.7927575
1JP,0.8902443
b38,0.71715194
b38,0.8901973
b90,0.8908381
2XO,0.8853654
2XO,0.8755178
2VU,0.8865384
2gg,0.888323
2ri,0.88576704
2os,0.8880055
2gg,0.8853605
2ri,0.8846086
2or,0.8894271
3G8,0.88750464
2RI,0.88797987
1KX,0.88619447
1KX,0.8878703
1B0,0.8875708
3KM,0.8875185
4WR,0.8249713
2RI,0.8921536
6RY,0.8784006
2RI,0.88942873
2OS,0.8862815
2OR,0.88809675
1KW,0.8836078
1KW,0.8925219
2GG,0.85929793
1PW,0.885136
2RI,0.88612586
1KW,0.88904923
2RI,0.88611555
1KM,0.888427
5OX,0.8864681
1KJ,0.878684
4WU,0.81586164
1HU,0.86544275
1MS,0.88593817
3IK,0.8873447
4M1,0.88782007
1KJ,0.87614447
4YM,0.85385436
2VU,0.8850702
4WU,0.84078896
1G1,0.8938618
1G1,0.88775945
1BU,0.8840721
4M1,0.88840747
1G1,0.8917042
2KM,0.8906228
1HT,0.8801733
5VC,0.8907894
6BB,0.88648623
1BC,0.8878467
6BB,0.8859707
3CF,0.8889101
4YL,0.8853839
1KW,0.889735
1KW,0.8894426
4KM,0.88799834
1PW,0.8867825
2GG,0.8846883
1KW,0.8893168
1KW,0.88670915
1RT,0.8870579
4WR,0.8179411
1TN,0.7651362
4E5,0.88767546
4WR,0.83865654
3G8,0.8860757
b04,0.8907779
b2d,0.87912774
b40,0.8842645
b44,0.870506
bab,0.8721655
2VN,0.88227075
2VN,0.8647606
b2b,0.86666197
6EF,0.80141044
5IU,0.8456452
6EF,0.88711935
6EF,0.805493
6R3,0.78755105
b14,0.6991605
b15,0.7604322
b18,0.80824035
1FA,0.88847405
3eb,0.8821254
3eb,0.88818055
2qn,0.8880317
2pr,0.89131093
2g9,0.88507706
1z6,0.8866286
2g9,0.8864375
3l7,0.88732636
4mi,0.8871586
3l7,0.8877187
3sy,0.88937646
1ex,0.8863094
1z6,0.8908487
4el,0.8893202
3s0,0.8913677
1kt,0.8882489
2qn,0.89022636
4ej,0.8914149
1py,0.88859236
4mi,0.8890127
2qn,0.88712424
3l7,0.88667953
1e1,0.8883847
3nc,0.8886483
4mr,0.8895449
3bc,0.8865499
3ms,0.8890764
3mr,0.88665
2gj,0.8869886
3t3,0.8875072
3mr,0.88442904
2qr,0.88798887
3g2,0.889386
2qr,0.88491356
1gg,0.88203126
2qr,0.8881282
3t3,0.888163
3mt,0.8846871
3g2,0.88893586
3g2,0.88786834
3mt,0.88628465
3np,0.8783161
3np,0.8882124
1no,0.88892984
1c5,0.88547325
2ql,0.88802564
1no,0.8786242
1k0,0.8866656
1hl,0.88859177
1k0,0.88711363
3np,0.8869204
1ax,0.8886051
3sy,0.88114136
3l7,0.88809234
2g9,0.8874602
2g9,0.88873595
4el,0.886239
1a8,0.89023566
3l7,0.8882572
4mi,0.8891085
6gp,0.88678515
4mi,0.8709802
2qn,0.89096814
1c8,0.8915642
1c8,0.89241683
1h5,0.888133
3ms,0.8889561
1gf,0.88717425
2gm,0.88603437
7gp,0.88451123
3ms,0.8858593
2am,0.8769193
3ms,0.8817839
2qr,0.8884781
3g2,0.88623536
3g2,0.8832096
3mq,0.88551974
2of,0.88857234
3mt,0.8891424
3t3,0.8849621
8gp,0.8885765
2qr,0.8821804
1b4,0.88799506
3g2,0.88918304
3t3,0.88688713
3mr,0.8894133
3t3,0.8872126
3mt,0.8829452
4ek,0.8876835
1p2,0.8794409
1qm,0.87674695
4ek,0.88770425
2ql,0.87814146
1no,0.8861787
4mh,0.88537544
2py,0.88664293
4mh,0.8772809
4GP,0.886583
1P2,0.8857748
5LR,0.88660425
1K0,0.88963145
5LR,0.8884577
2AV,0.88243073
6GP,0.88836455
1P2,0.8841903
2AT,0.8876397
2AW,0.8734051
2ZB,0.8867
1L6,0.8820632
2EC,0.8857588
1K0,0.8854635
1L5,0.8825081
1P2,0.88664055
2AZ,0.86444795
2FE,0.8775984
3MT,0.88776886
3MT,0.8893231
5GP,0.8860597
2AS,0.8806406
2QN,0.882539
3BD,0.878724
3BD,0.8900037
4BQ,0.88528496
3CU,0.8871788
1KT,0.8880953
b18,0.85885817
b1c,0.88629377
b99,0.8767633
b99,0.8847218
b99,0.88583684
b9c,0.8664052
b9f,0.8711647
ba0,0.88473123
3A0,0.8929525
4DE,0.8905003
4G1,0.89256114
4P6,0.8904342
4EN,0.8897908
n56,0.08434248
n66,0.72067803
n6a,0.7623872
n7a,0.7049387
n7c,0.21222349
b34,0.8924767
na0,0.84650457
na1,0.84221184
6K2,0.8855286
3ta,0.89511716
2p3,0.8895131
6k2,0.88710815
4YG,0.88885355
5VK,0.891283
6OA,0.8945276
4DR,0.88927275
4YG,0.8798897
4DR,0.8889164
4YG,0.875533
2AE,0.89083475
4DS,0.8781939
4YF,0.88088065
7C8,0.88713914
6H9,0.8927239
5CA,0.8913245
5VX,0.7730133
5VX,0.80043215
5VX,0.78075254
5VX,0.7596708
6K2,0.8928552
5CA,0.89141065
6HA,0.8922448
6H9,0.89051455
6H9,0.89187014
4YF,0.890232
5YM,0.89090735
3SI,0.8941888
3TA,0.8953553
5GJ,0.8929906
2DW,0.8912326
5YM,0.89068896
3TB,0.8903557
3SI,0.89237356
5VK,0.89386994
7KH,0.8617244
b02,0.8924579
b10,0.88347524
b30,0.89448285
2YF,0.8917861
2YG,0.88810974
2YB,0.8938575
b16,0.88733435
b18,0.8881209
b48,0.88882184
5E6,0.8903012
6gv,0.8912316
6gw,0.89347684
3ry,0.89269125
6gw,0.89115006
3SE,0.8879509
3Q3,0.89190966
3Q3,0.88855284
4RL,0.8902485
4OO,0.88664937
3SJ,0.88444465
4OO,0.89163554
4Z4,0.8926041
3PA,0.8885468
3D2,0.89051443
4Z4,0.88947076
3PA,0.8902049
2OB,0.8905539
5IY,0.8908052
4X0,0.8803949
5LK,0.88766557
4X0,0.8887481
5IY,0.8926315
5ZV,0.8862182
4P2,0.89173186
6H6,0.8874056
4RP,0.8896116
5ZV,0.8895594
4WZ,0.877473
5ZV,0.8894451
4OP,0.88728577
4X0,0.8888864
5IY,0.8902123
4X0,0.88910884
3SL,0.8818047
4P2,0.888595
6JY,0.8909784
2ZL,0.8910245
2OB,0.8918252
4OP,0.8886323
5IY,0.8911512
3Q6,0.89073145
5KO,0.885921
2OB,0.88602495
2ZL,0.88800925
6JY,0.8877378
4RP,0.8906877
4WZ,0.8872969
5LF,0.88727516
3Q6,0.8880819
5LK,0.88829505
2ZL,0.8856463
4P1,0.89168745
5IY,0.89056206
4OP,0.88913864
5ZU,0.8866868
4RD,0.888858
5ZU,0.887749
4WZ,0.8886422
3AS,0.8898189
6IS,0.8850234
3BY,0.8923391
4P2,0.8896561
4RD,0.89189065
5ZV,0.88968855
4RD,0.8904361
5J3,0.8865538
6H7,0.881868
6H7,0.8886059
6JY,0.8891285
4P3,0.8908776
4P1,0.8904346
5LK,0.8871899
4WZ,0.8910035
6H7,0.88657707
4OO,0.8876626
3ON,0.8906222
5F4,0.8898941
3PU,0.886774
5HZ,0.8876744
3RY,0.89220285
3R6,0.8899912
5F4,0.888883
3R6,0.88818663
3PU,0.88639265
3LQ,0.89035124
5HZ,0.8882155
4RO,0.88909835
5N7,0.88958555
3Q3,0.8918084
4RM,0.88889855
3LQ,0.8908776
5F4,0.88952965
3PV,0.8885579
7VS,0.88935584
7VS,0.8894832
7EQ,0.89134
7EQ,0.89047426
6H9,0.88712394
7ER,0.8884386
b00,0.8861376
b0f,0.89106417
b2a,0.88816077
3C7,0.8930326
5GL,0.88978034
3C7,0.8904501
3C7,0.8896383
3QE,0.88932204
b10,0.8941579
b4a,0.8889239
b54,0.89262605
b55,0.89089906
2WM,0.88595015
4D6,0.884953
4D7,0.8876485
4D7,0.8884931
4D6,0.8875095
4D6,0.8880665
4D6,0.88508475
2WM,0.88885254
2WM,0.8878997
4D6,0.88753396
b0d,0.8853798
b2d,0.88894576
b31,0.88408303
5NC,0.8878653
2B4,0.8890831
5tz,0.8791943
2QZ,0.85714155
4HK,0.8905694
2VG,0.8894228
6JX,0.89318293
7DF,0.89448214
7DF,0.89146394
1H4,0.8922967
1BC,0.89115065
7L1,0.88644296
2NQ,0.8563116
5JR,0.8790307
6KW,0.88913
1XN,0.8926212
5ZI,0.8897351
6KW,0.88825744
4HK,0.8926808
6KW,0.8687527
2QZ,0.8920411
6K9,0.8869173
6KW,0.89077836
6KV,0.88942957
5ZK,0.8913727
6JW,0.8920961
5ZF,0.88026327
1QH,0.8909425
3WP,0.87476486
6K9,0.8919716
b47,0.8912203
b48,0.89046943
b49,0.88431984
5AF,0.75610167
2YP,0.7391162
4AF,0.8882907
n02,0.15136406
n2d,0.8794719
n2e,0.8255664
n31,0.78229094
n4f,0.19790643
n52,0.17362799
n53,0.5880281
n56,0.12509328
n72,0.14249226
n74,0.26100594
n79,0.09778311
n82,0.13765875
n84,0.054181162
n84,0.0505466
n84,0.22047423
n84,0.29624644
n85,0.04556443
n85,0.52835685
n85,0.32037267
n85,0.16468339
n87,0.059172746
n87,0.10752251
n8b,0.18515627
n8e,0.123142384
n9d,0.14624472
na5,0.088522464
na7,0.8647932
na7,0.6171181
na8,0.8388249
na8,0.79202116
na9,0.7200931
naa,0.6174679
naa,0.7907973
naa,0.68548316
naa,0.6536051
naa,0.68277013
nab,0.55344194
1V7,0.8630381
1V7,0.8775115
b1d,0.88703895
b1e,0.81086206
b26,0.8854215
b8d,0.87563413
2R0,0.89000773
2r0,0.88999397
3m3,0.88546884
1ul,0.89191246
3m3,0.8857082
1ul,0.891227
3m3,0.8807117
2zg,0.8853261
2ZG,0.88820463
2R0,0.888077
3WG,0.89032817
2ZG,0.8767946
3WG,0.88765687
3WG,0.8897989
2ZG,0.88893974
2ZG,0.887697
2ZG,0.8855548
3WG,0.8698946
2ZG,0.87643397
1UL,0.89045334
1UL,0.89105004
1UL,0.891528
1UL,0.89088804
1UL,0.89341754
2WK,0.8933109
1UL,0.8900125
1WW,0.88571966
1WW,0.8872943
3M3,0.88689524
1WW,0.88691664
1WW,0.88596636
5XF,0.8884073
2ZG,0.87986267
2ZG,0.8878083
2ZG,0.8771681
2ZG,0.88562727
2ZG,0.8829541
b2e,0.8872942
b72,0.889497
2WA,0.89042413
2WA,0.8884136
b1b,0.88842314
5C2,0.51683295
4Q5,0.6176989
b26,0.56779623
3TF,0.8908612
3rx,0.8881244
3rx,0.8882681
3rx,0.8906899
1IA,0.8895204
3H3,0.8856647
1RQ,0.8825014
5GY,0.88872284
5GX,0.88927984
5GX,0.8888898
4TF,0.8911792
4DO,0.88742304
5GY,0.89064574
3H2,0.88454026
7V0,0.89150757
7V0,0.89360815
3RX,0.8862187
3RX,0.8845016
1JS,0.89024687
1K7,0.89065415
3RX,0.8879033
1GA,0.8904105
b14,0.88997465
b18,0.8835526
b1e,0.89221144
b28,0.8885454
ba9,0.89050835
154,0.88975805
3GX,0.88053465
3EH,0.86131454
1OD,0.886277
4cd,0.8442273
4cd,0.8773586
2VX,0.875511
2WH,0.8881534
2VX,0.8456345
2BV,0.88869554
1GV,0.88827825
b38,0.8906059
6G1,0.8889094
6G1,0.8888514
2XQ,0.88463473
b4b,0.882204
2zx,0.88862
2zx,0.8870311
2zx,0.8885332
2xi,0.88799506
2wv,0.8852071
4j2,0.88696945
2zx,0.8905342
2zw,0.8889654
2xi,0.8837322
4jf,0.88762987
4pe,0.88927823
4pc,0.887507
2zx,0.8883198
2zx,0.8912052
4jf,0.8891288
4jf,0.8884825
2zx,0.89059263
2zx,0.8881886
4jf,0.8836363
4ws,0.8883011
4pc,0.8861187
4ws,0.88681823
6OH,0.88431704
1OD,0.8885899
6GN,0.8847133
b09,0.88839805
b0a,0.8827564
b9b,0.8809283
ba2,0.8874537
ba3,0.88261014
ba6,0.8847501
bac,0.8835111
bac,0.8871774
4W8,0.8911465
5d9,0.8885593
3AO,0.8861258
5OY,0.8895094
2JE,0.8921997
7VT,0.88992095
4W8,0.8884484
4W8,0.8885697
4U5,0.8886225
4W8,0.8901286
4U5,0.8894271
4W8,0.8910468
3AY,0.889719
4YH,0.88868403
6GL,0.8863871
3AZ,0.84030515
6WQ,0.8911825
5D9,0.88762176
3ND,0.8935536
3AZ,0.8758661
3AZ,0.85681695
5D9,0.880536
5D9,0.88872945
5H4,0.8863785
5D9,0.890393
b19,0.8719309
b1d,0.89089715
b1f,0.86080855
b25,0.87628496
b25,0.8862553
b28,0.8904726
b2b,0.8871988
b2d,0.8865528
b47,0.88355255
b49,0.88536525
b99,0.87178767
b9b,0.88618475
1UA,0.8868358
3gx,0.887027
1KT,0.88620055
1T0,0.88957995
3S5,0.890312
3H5,0.8888633
3H5,0.8897049
3HG,0.8880135
3GX,0.8897673
3HG,0.88779724
3GX,0.8874225
1R4,0.8904874
b06,0.88725525
b09,0.8886245
b2b,0.8876312
b30,0.88960457
b32,0.8874933
b56,0.8910177
b68,0.8909
b68,0.8882738
b71,0.89362335
b73,0.89146453
b87,0.88871384
1QW,0.89071405
2C7,0.8910421
b48,0.88874245
b49,0.8793007
5A5,0.8879841
7P4,0.8878362
5GQ,0.8896606
3VU,0.8884951
5CL,0.8682133
5CL,0.8859969
5GR,0.89072853
5GQ,0.8886604
5GR,0.89054507
5GQ,0.888325
b16,0.89015234
b16,0.88857025
6P2,0.89076483
6MG,0.8899947
7KN,0.8862641
6MG,0.8913099
6P2,0.8912869
5FK,0.8909411
2CN,0.88857424
6P2,0.8900645
2EB,0.88953763
b14,0.89324075
b15,0.89348185
b22,0.89213586
b23,0.8917242
b25,0.88888794
b2a,0.8940467
b47,0.8879274
b4a,0.8917138
b4a,0.8889091
b4a,0.8942424
bac,0.8888905
5FR,0.00080018915
6YN,0.8876657
2wm,0.88913935
1w9,0.8938004
2wl,0.8892758
3rm,0.8928434
2iu,0.8909296
1og,0.88974327
3ar,0.88962966
3ar,0.8897123
1w9,0.8919369
3ar,0.8926234
3ar,0.8912903
3rm,0.8901033
2wl,0.8902744
3ch,0.89154077
2wk,0.8877558
2a3,0.88881606
3ch,0.8916409
2a3,0.89146215
3as,0.88810587
1w1,0.89096904
3wd,0.88710487
3as,0.8865789
1w1,0.89008087
1w1,0.89055794
3g6,0.8913574
3ar,0.8895062
4z2,0.89052004
3ar,0.88756377
5nr,0.8887389
3ar,0.8910134
4z2,0.89286184
4z2,0.8915023
3ar,0.8903585
5nr,0.887774
5nr,0.8899239
1wb,0.8853154
3rm,0.8890135
1hk,0.8894563
2a3,0.88939005
1hk,0.88851196
3ch,0.8920188
3ch,0.887333
2yb,0.8901695
3ch,0.8911833
1hk,0.8880513
2yb,0.89093816
3as,0.89044785
3as,0.88938296
1w1,0.8902744
3wd,0.8897846
3ar,0.89022183
4z2,0.8881124
4z2,0.8865915
4z2,0.8886691
3ar,0.8887808
3wq,0.8894288
1wa,0.88411796
1o6,0.8892815
3rm,0.8930204
3wq,0.8889463
1ll,0.8900964
6ja,0.88999015
4P8,0.8889534
1HJ,0.8873866
1HJ,0.89081514
2DT,0.8917253
4UR,0.89181715
3B9,0.89097947
1EH,0.8877596
3BX,0.83532524
1NW,0.89053065
1NW,0.89083594
1NW,0.88823664
1NW,0.88932306
1E9,0.8937746
1HK,0.88832587
1HJ,0.8878491
4P8,0.891962
2QF,0.8903273
2DS,0.89057404
5Z7,0.89023936
2DS,0.8889486
5Y2,0.88989884
2G8,0.88908905
5Y2,0.88971895
6JM,0.8926605
3B9,0.88745695
2FD,0.88787466
2O9,0.88855994
1OG,0.8901836
3WL,0.88747644
6F8,0.8891952
3WL,0.888482
5Z7,0.88791734
5DE,0.88925546
2WK,0.8919596
2G4,0.8883696
2B3,0.88695
6YL,0.89281195
5DF,0.889768
2AO,0.8887901
3FY,0.89241576
6JM,0.8906174
1FF,0.8875061
1HK,0.89044976
1ZB,0.888691
2A3,0.89115214
5WV,0.8901022
4WK,0.88980466
3WQ,0.8887835
7AK,0.8904081
3AL,0.8919367
4MN,0.889758
3WQ,0.8896035
2DT,0.8885714
3CO,0.8864833
6KX,0.88591814
5WV,0.88822997
2DT,0.8892932
4WK,0.88976324
6KX,0.88514143
5GQ,0.8891871
2DT,0.892044
8FR,0.89314276
8FR,0.89358324
5WV,0.88812906
1E6,0.8882661
3WI,0.89071184
1ZU,0.88991237
1LG,0.88908
4WK,0.8895691
6JA,0.8930258
2DS,0.88886267
1EI,0.8906113
1WN,0.8889418
4MT,0.88892615
1NH,0.8880564
1HK,0.8874112
1E6,0.8864375
4MN,0.8905086
5WV,0.88788146
b4b,0.8929395
b5b,0.89095885
b64,0.8874327
b69,0.8896784
b72,0.8912001
b74,0.88603204
b78,0.88863945
b8d,0.8905616
b90,0.889737
2WA,0.76903987
2IW,0.76927376
6KR,0.8330783
5MO,0.8803667
7SH,0.77745575
7SH,0.7951206
5MO,0.85383815
3AG,0.7687165
7SI,0.8461292
5O4,0.7801369
7LF,0.8360436
5V4,0.87242335
7LF,0.7868766
7Q3,0.8136401
4L4,0.76429236
5D6,0.87815577
4WI,0.78734314
1OW,0.8877438
6UQ,0.88879806
4WI,0.7877729
6BH,0.88377005
b03,0.7643648
b0c,0.7099296
b2e,0.7316445
b2e,0.69289315
b2e,0.80100363
b32,0.768079
b3e,0.76969546
b47,0.8232553
b7b,0.80446106
b8a,0.7455565
7QP,0.8913166
5tp,0.89441246
5tp,0.88757247
2nm,0.8909109
3AZ,0.89244
3AZ,0.8915729
1D0,0.8929122
1DI,0.8919725
1A8,0.8933814
4KB,0.8933485
6F0,0.8932737
1AF,0.8936449
1FV,0.89181256
1YY,0.8948543
1FV,0.8921591
2VU,0.89084727
3FU,0.89339197
6QN,0.896394
2VU,0.89378196
3HN,0.8904664
3N7,0.88764536
3MP,0.8928102
3N7,0.89390326
3N7,0.89163816
7QP,0.89222497
3HM,0.8924555
3FU,0.89248574
1YX,0.88963354
3N7,0.89473754
1DF,0.8911759
3OB,0.89150274
3R4,0.8933644
5TP,0.8903879
5TP,0.891588
3OB,0.89035094
3R4,0.89456004
6F0,0.8907679
5LR,0.88981116
7UI,0.89138025
3RS,0.8900065
b00,0.8925161
b02,0.88973176
b02,0.8910918
b03,0.89144015
b11,0.8912647
b2c,0.89218134
b32,0.89005744
2YH,0.40137717
b20,0.21919093
6K0,0.89229476
6K0,0.8919158
6K0,0.8926933
6K0,0.8916366
6K0,0.88913816
b95,0.8906643
b95,0.8930904
b9d,0.89213586
b9f,0.8864124
b9f,0.8917862
baa,0.8886364
2H5,0.8816425
4hp,0.89341795
4hp,0.8907583
5ls,0.890373
4tu,0.89471126
1at,0.88777494
4z4,0.89104027
1at,0.8921332
1LM,0.89009947
1LZ,0.8929941
1LZ,0.88946843
1LS,0.8920399
3A3,0.8926817
3WV,0.8958962
6QN,0.89263064
5NJ,0.8910522
7DE,0.8923898
5NJ,0.8914821
5NJ,0.8906329
4XE,0.8917115
1LZ,0.8895844
1LM,0.8927706
5NJ,0.8904054
1LZ,0.89343715
1LZ,0.8905231
1LZ,0.8911686
7BR,0.8924552
1LM,0.89051217
1LZ,0.89159685
8CW,0.89058775
1UI,0.89348364
6T6,0.88580316
8CW,0.891521
8CW,0.89332503
2WA,0.8916116
1JE,0.8924189
1SF,0.89222854
1SF,0.89020157
1SF,0.8922822
6RN,0.8911621
6RN,0.89255774
1UI,0.8905015
1SF,0.8931697
2FY,0.8889173
8CW,0.8919496
4XA,0.89095545
1SF,0.8933067
1BB,0.8895716
1LM,0.8920053
8CW,0.8921187
8CW,0.890082
1HE,0.89334196
1AT,0.88946337
8CW,0.89169294
1AT,0.8919841
b4b,0.89206904
7D6,0.8885075
2vr,0.8890926
3zj,0.89105546
2j7,0.8863135
5n6,0.8912891
2j7,0.8878545
2j7,0.8918515
2j7,0.8879316
2j7,0.8869796
4ql,0.8897686
2j7,0.8907256
4ql,0.8891523
2cb,0.8901199
2ce,0.8879065
2ce,0.88899606
2ce,0.8780667
4re,0.8934047
5os,0.8897955
4re,0.89234805
2wb,0.8922661
1uw,0.8876427
2j7,0.8891163
1oi,0.8907307
1uw,0.8854616
2cb,0.89164275
2j7,0.8887465
2j7,0.8861135
2j7,0.88861156
4ip,0.8909046
1uz,0.8877052
1w3,0.88955474
2ce,0.8871698
3f5,0.89019126
2wc,0.88945764
2wc,0.88763374
3f5,0.8909531
3f5,0.89307016
3zj,0.8950195
1oi,0.8921287
6qw,0.89352846
5fo,0.8903434
1e5,0.8941801
4re,0.8951802
1e7,0.89085466
2o9,0.88974226
2ja,0.8917895
2Z1,0.8915388
1E6,0.8927165
3GN,0.8928757
1UY,0.8885752
1V0,0.8908588
2E9,0.8908498
4QL,0.8892861
7WD,0.8890905
4HZ,0.89013183
7WD,0.8906929
4QL,0.89080733
4QL,0.89331186
4ZE,0.89234126
6RJ,0.8839007
4F6,0.892604
3AH,0.8924421
2E9,0.89125544
7WD,0.8855667
3SC,0.8929688
2E4,0.889859
3VI,0.8888234
1W9,0.8908893
3SC,0.8925605
7WD,0.8918198
3SC,0.8876361
3F5,0.8877887
3F5,0.8932932
3SC,0.8921049
4IP,0.8892639
1W9,0.8917019
4ZE,0.89341986
5GN,0.8876602
4HZ,0.8900231
3F5,0.89202344
3WH,0.8895278
1E7,0.89485854
1E4,0.89237165
3WH,0.88766915
1E7,0.89133227
5OK,0.8940237
5OK,0.89427346
5OK,0.891483
6M5,0.8919029
1E5,0.8881152
4PT,0.8903668
3PT,0.89114577
1E5,0.8908069
2O9,0.88891304
4AT,0.88849694
5OK,0.89371264
b0a,0.89309657
b11,0.8882736
b13,0.88986486
b1a,0.8916103
b22,0.8924661
b24,0.890303
b27,0.8857637
b2f,0.8893982
b3f,0.8931558
b45,0.8919872
b4e,0.88863397
b73,0.8942444
b78,0.894619
b7b,0.89302665
b91,0.89439356
ba1,0.89139694
bac,0.889892
6M5,0.88679636
5gl,0.88524354
4FQ,0.8924467
4HA,0.8905085
5GL,0.8889689
5GL,0.8878839
2WS,0.8891433
4HL,0.87448496
5GL,0.88905585
5GM,0.8866877
5GL,0.88718015
3VK,0.88873506
2WS,0.88895243
3VK,0.8907038
5GL,0.8694483
2WT,0.88768023
2WT,0.887013
2WT,0.88657653
3WV,0.8771057
b00,0.8928789
b01,0.88765407
b7c,0.8896274
b95,0.8894793
4R9,0.87557775
3k0,0.8862622
2gh,0.8859846
2zy,0.8860312
3k0,0.8845027
1ur,0.7580556
2zy,0.8894905
4R9,0.8824758
1UR,0.6930163
1EL,0.8875133
2GH,0.88689184
2FN,0.87955594
2UV,0.8888328
7C6,0.8848499
6DT,0.8875136
7C6,0.8842707
6FU,0.8814566
3K0,0.8877305
7C6,0.8857414
6DT,0.88293535
5TU,0.8865599
7C6,0.88448614
7C6,0.88847107
6LC,0.88001305
2ZY,0.8864713
7C6,0.88655174
5YS,0.8818093
7C6,0.8830706
5YS,0.88744736
4HW,0.82953995
7C7,0.8870104
7C6,0.8843999
2Z8,0.87546426
2Z8,0.87716746
7C6,0.88701135
7C6,0.8877727
2XD,0.87692076
7VF,0.88699335
7MK,0.8790659
7X0,0.8920283
7VF,0.8862387
7X0,0.890616
1UR,0.8735172
1UR,0.8371524
2UV,0.88781846
8DH,0.8809748
b10,0.8874466
b15,0.88195276
b1e,0.88687104
b1f,0.8892803
b20,0.884162
b20,0.88633585
b27,0.8881405
b29,0.8792564
b2e,0.87875634
b31,0.8875241
b40,0.8861147
b4a,0.87733996
b4b,0.8451448
b94,0.8836401
b9b,0.8679705
b9c,0.88318324
ba0,0.88540864
bae,0.88567114
baf,0.8535037
2J4,0.84305876
n05,0.837817
n54,0.8557845
n64,0.8204985
n68,0.10383644
n6a,0.70544034
n7d,0.8278727
na1,0.8448838
na4,0.16153763
nac,0.2973768
7D5,0.84942293
3WK,0.8698151
b16,0.8560652
b4d,0.8696758
1KW,0.87290734
4UC,0.8851994
b2a,0.8861706
3OB,0.88480955
3vd,0.88557076
3vd,0.88713974
3vd,0.88331574
3vd,0.8879291
3vd,0.88676727
6ZJ,0.88786894
6ZJ,0.88467956
6ZJ,0.8875008
6SE,0.88705945
6SE,0.8866909
6SE,0.88815826
6ZJ,0.8894606
b22,0.88522494
b29,0.8858906
b4c,0.88680595
b9a,0.88581395
b9b,0.8880541
1EC,0.89138216
2ZU,0.8915547
3QH,0.8939079
3QH,0.8915269
3QH,0.8945729
3AX,0.8935255
b13,0.892943
b18,0.89283663
b20,0.8951846
b22,0.8931493
b22,0.8944723
b25,0.8937565
4PM,0.88981974
1fh,0.88536334
1v0,0.8904857
1fh,0.8879413
1v0,0.8891936
4bs,0.8903398
1fh,0.8868204
1fh,0.8864785
1j0,0.89070135
1od,0.8879338
3ny,0.89146936
1v0,0.89021134
1v0,0.8900498
2G3,0.89075476
1UQ,0.88411486
1GO,0.8911155
2D1,0.8927661
1IS,0.8929511
2D2,0.89090437
1B3,0.89112437
1R8,0.8869719
1XY,0.89271057
5XZ,0.89026374
3RD,0.8909481
3MS,0.8900043
3WU,0.88931006
3WU,0.8875305
3MS,0.8896963
1V0,0.88703406
2FG,0.8854105
4PR,0.88593066
7WH,0.891498
7WH,0.88996094
2CN,0.88413066
1FH,0.88766044
4PU,0.88939893
4PU,0.888792
1VB,0.89217305
5OF,0.88691825
3CU,0.88970727
3MU,0.8896558
3CU,0.8925359
1E5,0.8906457
6JE,0.8910504
1UQ,0.88397783
3MM,0.886361
1J0,0.8901294
1HI,0.8849608
1FH,0.8850181
3W2,0.8766616
6JE,0.8931646
7NL,0.8920222
1B3,0.8918373
3MU,0.8896101
1B3,0.8903632
6JE,0.8913281
3W2,0.88682884
1FH,0.8883541
3NJ,0.8897036
1GO,0.8901799
1UR,0.8844073
6WQ,0.8873541
1B3,0.8914509
1UR,0.88762766
2BN,0.89138556
4PM,0.8890812
4L4,0.89076376
5D4,0.889882
6JD,0.8913357
3W2,0.8793981
4PM,0.8908159
3W2,0.88785666
1B3,0.8920605
1B3,0.8925903
6JD,0.892776
5OF,0.8907471
3W2,0.8873265
b10,0.88792306
b13,0.8925008
b19,0.8876082
b1a,0.8852617
b1f,0.88528305
b39,0.8940615
b47,0.8929193
b48,0.8931158
b48,0.8854136
b4a,0.8934215
b4a,0.883216
b4a,0.8922169
b69,0.8916241
7W6,0.89057904
7BT,0.88969064
7BT,0.8909547
7BT,0.89001817
7BS,0.89134675
7BS,0.8784989
7DE,0.8895876
7BS,0.8894349
b3a,0.89257604
b3f,0.8906738
1GX,0.34053507
4QF,0.34096673
1ko,0.093161084
1u0,0.048261832
1g9,0.075245015
1gz,0.10184047
6BZ,0.100489005
3CZ,0.8303013
1MW,0.878509
1JG,0.87545806
1MV,0.88675547
b4c,0.88458174
b4e,0.8489427
5DO,0.8905604
2pw,0.8880049
3gb,0.88689613
2pw,0.8886431
6BS,0.8879608
2ZI,0.88865936
4H8,0.8895817
1LW,0.89041495
7JJ,0.8893607
7P0,0.88859856
3A4,0.892452
3ZO,0.88971335
7P0,0.890643
3K8,0.88975984
2PW,0.8853768
6LG,0.8908489
b1f,0.8869289
b52,0.8855752
b7b,0.8907359
b95,0.88951665
ba7,0.8903248
bac,0.8904393
6JG,0.8420478
1J8,0.88136566
5Z9,0.85225135
6SZ,0.89331275
3WL,0.87772596
6MD,0.8836449
6MI,0.88150764
6LB,0.8738986
3WL,0.88457143
3WL,0.8709689
3WL,0.8725823
1IE,0.88187945
3WL,0.8746962
7EA,0.8873175
3WL,0.8772942
3U4,0.79053605
5JP,0.6611067
3WL,0.88157076
6JG,0.86868423
6K5,0.87161285
6JG,0.87159836
6JG,0.8584981
4ZO,0.8851438
6JG,0.85933906
6JG,0.86301005
6JG,0.8546894
6R5,0.8779645
6R5,0.8693125
4ZO,0.87317175
6L1,0.86708254
6R5,0.8564586
6JG,0.87409997
6KU,0.87195617
1EX,0.8597267
6R5,0.8632497
6K6,0.8729592
6JG,0.8692667
6JG,0.8550187
6JG,0.8698805
b16,0.84949034
b17,0.8584687
b3a,0.89303964
b3d,0.8848075
b41,0.89161307
b53,0.8868602
b64,0.8934715
b6c,0.8927111
b6f,0.8917896
b73,0.87303877
b91,0.8916959
ba0,0.8790267
ba3,0.8695875
4nu,0.849448
3ru,0.88170403
3vf,0.8862778
3F5,0.8631782
3G7,0.88989836
4GI,0.8855863
4QV,0.85751367
4JB,0.88451064
7VN,0.88343275
7VN,0.88571525
4PQ,0.8836786
6SJ,0.86169314
7KD,0.8856151
6SI,0.8813624
7VN,0.88838553
3SE,0.88535964
b1b,0.870216
b53,0.88237214
b53,0.88516474
b54,0.8670482
b96,0.88973445
ba3,0.8885089
bae,0.88583726
3WH,0.89028525
4DY,0.8894259
4J0,0.89548004
n00,0.8932643
n04,0.8880912
n65,0.88730574
n68,0.88850355
n69,0.8888102
n6f,0.8880359
n73,0.89258504
n74,0.889074
n77,0.88904595
n79,0.8887364
n80,0.88598764
n91,0.88889486
n93,0.8922744
n96,0.8915822
n9e,0.89184517
n9e,0.8874877
na0,0.88914573
na0,0.8916577
na2,0.88881326
na6,0.8885729
b65,0.89067787
b67,0.8919429
6E5,0.8828553
6E9,0.88785
b13,0.8712728
b13,0.8537901
b17,0.8794875
n08,0.36483222
1J8,0.8924201
n05,0.8830478
n06,0.65479356
n47,0.8581691
b10,0.8912983
n54,0.3119346
n56,0.86307365
n58,0.8871778
n68,0.8756678
n6c,0.874442
n6f,0.8756726
n73,0.34025535
n80,0.8428598
n95,0.8447611
n9a,0.8344934
n9b,0.7521133
n9d,0.85561454
b12,0.8897402
2Y6,0.8909922
2Y6,0.8913803
5DP,0.88734114
2Y6,0.8887022
2Y6,0.8908747
n00,0.83449
n04,0.8201729
n07,0.88640237
n08,0.8858679
b1f,0.8880755
b20,0.89607376
n6a,0.88512874
n6e,0.80755043
n6f,0.8843484
n70,0.89146906
n79,0.8617289
b49,0.8906583
b4a,0.8871226
n94,0.8263607
n9c,0.88715273
n9c,0.88845634
n9d,0.88940346
n9d,0.6665387
na1,0.78448623
na7,0.8363849
nad,0.8906668
nad,0.88653964
nae,0.88956606
nae,0.8863437
nae,0.8865996
nae,0.89014566
nae,0.89007497
naf,0.8890159
naf,0.89064264
naf,0.8893694
naf,0.8859893
naf,0.89293396
naf,0.8914003
naf,0.8879429
naf,0.8865585
naf,0.8874152
nb0,0.88781905
b1d,0.84117913
5YL,0.8287699
5ZJ,0.8246859
b2b,0.7225672
5LN,0.71589994
4F8,0.8654621
4F8,0.854068
4F8,0.8718581
b10,0.84770256
3cp,0.0008379886
1a4,0.00080046465
4lh,0.0007042138
5uw,0.134754
3cp,0.0007724792
5uw,0.09401247
5di,0.025938764
5dh,0.086863525
5uw,0.08270137
6ag,0.00071742915
4li,0.00070199533
6f1,0.8952258
3WN,0.893067
3WN,0.89421517
4PV,0.89215255
4O8,0.8921774
4N2,0.89265627
b13,0.8920939
ba3,0.8919266
4cu,0.8865256
3k4,0.88424987
4cu,0.8869406
6d4,0.8854828
6nz,0.8864688
4jh,0.8852127
3lp,0.89130926
3lp,0.88793075
6JZ,0.88861966
6D5,0.88708514
6QU,0.8876221
6JZ,0.88850707
6D4,0.8744415
6NC,0.885913
5LD,0.88705224
4CU,0.88689935
6BJ,0.8862215
b2f,0.8878006
b35,0.8919174
b45,0.8891947
b54,0.88810575
5km,0.0012469315
5i2,0.0017165941
5wa,0.0017414525
5wa,0.0012018065
5ip,0.0012769303
5i2,0.00130928
5kl,0.0013253535
5km,0.0015461736
5kl,0.001161692
5km,0.0013231236
5km,0.0013499128
5km,0.001354163
5km,0.0012358675
5km,0.0011806088
4RH,0.0015133227
b4b,0.0013363888
3mk,0.29214978
2ma,0.06711074
4i7,0.4645741
4i7,0.36578792
4i7,0.4488693
2ff,0.5235489
1hp,0.39396504
4i7,0.46368045
2ff,0.37508437
3b9,0.36174446
1YO,0.22204766
b4b,0.53258044
3ri,0.8900048
3ri,0.89193
5lv,0.8907912
3KE,0.8872847
5A6,0.8888419
5A6,0.8873697
2Y2,0.8936229
7O0,0.89144355
7N6,0.89214927
b35,0.89232993
b4d,0.88814086
5GO,0.884424
b51,0.88575995
ba4,0.88402045
b50,0.87546206
5m2,0.7966984
5mk,0.74442476
5M2,0.77386063
b7f,0.8501939
4P7,0.8763559
4P7,0.83893996
b8b,0.0025709923
5I1,0.0012378516
bab,0.87133956
1CE,0.8541886
4fe,0.8555631
4FC,0.85672307
b9b,0.8354584
ba4,0.875797
2bv,0.88931346
6d4,0.8640678
6d4,0.85669357
2n7,0.7424123
1O7,0.851129
1QF,0.88080436
1O7,0.81335306
1OD,0.8663755
6D4,0.8474175
6D4,0.84383774
2HR,0.83201706
6D4,0.8300647
1OD,0.8660401
1OD,0.88386846
2G5,0.8603995
1QF,0.884149
1UR,0.8845318
1NK,0.8529951
2BV,0.8884318
b02,0.6436097
1po,0.5026114
3h8,0.117011115
2f1,0.18624973
3ai,0.63793886
3n3,0.084904216
3h8,0.102538615
3kk,0.48124
2hh,0.097092904
3bw,0.60682046
2oz,0.49482957
3s3,0.18959856
3lx,0.25459203
2au,0.025374772
2op,0.11959148
1me,0.03578567
3i0,0.35502002
3ov,0.021470813
4ax,0.16164078
4x6,0.02018282
2ft,0.016827364
1me,0.24546394
4p6,0.15916407
1me,0.30827042
3bc,0.108753406
1yt,0.033419512
4x6,0.02869905
1u9,0.04811482
3kx,0.016270952
1u9,0.017263237
1u9,0.31466764
5ma,0.09026095
3kw,0.03497605
1pi,0.425733
1u9,0.024009865
5ma,0.11397052
1mh,0.32906207
3o1,0.02800791
1yk,0.026163839
2yj,0.12663788
2xu,0.15144372
2xu,0.14724712
2hh,0.2214405
5qb,0.12796156
2yj,0.14567155
1sn,0.0018619462
1ay,0.009343523
1au,0.009841649
1nl,0.017546905
5qb,0.21178131
2xu,0.057165213
3s3,0.19274037
1bg,0.0043668803
1tu,0.2426474
2au,0.019643147
1vs,0.07090431
5mq,0.09607294
4bs,0.09079125
3qs,0.3240009
3n4,0.14684567
4bs,0.07497326
5qc,0.2523163
3hw,0.13040015
2pr,0.032325502
4kl,0.2541477
3h8,0.17735623
3iu,0.23043989
5td,0.012360688
3o0,0.0019536712
1np,0.22011396
4p6,0.197531
3bc,0.157485
4x6,0.023835206
5f0,0.10776856
3ov,0.11892278
3c9,0.009640248
4dm,0.019180281
1nq,0.16925667
4mz,0.070195235
3kw,0.0030234668
1q6,0.029041583
4mz,0.058511652
1gm,0.7415423
3hd,0.2740793
3hh,0.10954495
3kw,0.025160715
2yj,0.19090578
1nl,0.0018002699
4yv,0.016682649
2yj,0.09611919
1au,0.004443064
3ie,0.15110436
6hg,0.05206862
2yj,0.12482636
2xu,0.04822569
2bd,0.0113862585
3of,0.08584122
2r9,0.16011545
2r6,0.024369137
1ms,0.13442345
1ay,0.04477566
3C9,0.03241135
3H7,0.22335722
4N8,0.004849062
b54,0.012776233
b70,0.7148508
b81,0.6769497
1VB,0.8888528
3A6,0.8917366
2D2,0.88882804
1JI,0.8881969
6er,0.89155585
6er,0.88688797
6ER,0.8889365
6ER,0.8864558
5FR,0.88500917
5FR,0.8843989
n00,0.8818252
n01,0.7512056
n02,0.5429692
n02,0.8744084
n06,0.5525192
b05,0.88278383
b21,0.88841075
n54,0.8851736
n55,0.8645521
n55,0.42309466
n56,0.8786255
n69,0.7631833
n6e,0.63828313
n70,0.8805017
n7b,0.8701409
n7c,0.79195654
n92,0.88143724
n99,0.88001394
n9e,0.8832992
n9e,0.87018186
n9f,0.3818066
nac,0.8783466
2vm,0.8925996
2vm,0.88856214
2W9,0.8912742
2W9,0.89253825
2WN,0.8042501
2VM,0.8890818
2VM,0.8908001
3C5,0.8866498
3n7,0.88594174
3n7,0.57672936
3C5,0.8884443
2QK,0.8862248
6ik,0.46296528
3hz,0.45270878
3hz,0.16656448
6fs,0.06314002
4oc,0.080013715
5j7,0.046537004
3e8,0.3397154
5j7,0.056840476
2zp,0.63076067
6f7,0.6396941
4h0,0.037189078
2fr,0.57996607
1mr,0.13561136
1mr,0.060437657
3uz,0.25676152
3uz,0.22511166
6dz,0.14061877
7ju,0.03472239
1p2,0.15016693
4rd,0.5108003
7u9,0.023804467
3uz,0.08392367
5df,0.27889255
6b0,0.58857083
5aa,0.059008207
7ua,0.04818644
3wk,0.16096365
7ua,0.21659999
6ek,0.0031105415
6qb,0.15249397
6qb,0.036540464
4kv,0.07188212
6qf,0.025183601
6qb,0.010716476
3uy,0.20196095
2r2,0.3536091
4ni,0.028240435
6p4,0.20199552
4wf,0.30956724
4wf,0.3283013
1dz,0.11570523
7u9,0.06258832
6ve,0.53060675
4wf,0.22171363
2vx,0.21166596
7ub,0.09184576
6ej,0.046539407
7lj,0.2701121
7lj,0.41387022
7lj,0.33328864
7lj,0.25416642
4i9,0.48948488
1MF,0.27434045
3C6,0.64846945
5I4,0.049840983
6CB,0.098349355
b5d,0.1388249
b9e,0.87432027
bab,0.8837038
5lx,0.8415869
2k6,0.0016557397
5ha,0.001664979
5hb,0.0020538853
6e5,0.001888876
4ef,0.001676213
3cb,0.0017465304
4ru,0.0016061178
2cb,0.004236997
2cb,0.001569247
6e7,0.001599392
1lf,0.0014437138
2g7,0.0019283091
2lk,0.0011891288
4gk,0.0015501865
2g7,0.0016317075
4ee,0.0021593976
4ex,0.0014228566
6dr,0.0013642403
2fr,0.0017885562
2mj,0.0013176207
3cw,0.0016177697
4i9,0.001485357
5l8,0.0014255377
5l8,0.0011760871
1cb,0.0017092234
4i9,0.0016061601
2if,0.0016261744
2f7,0.0068788505
3if,0.0211251
2f4,0.0012283187
6a9,0.11388983
4b2,0.0032477127
1zh,0.013550694
4gg,0.0026983111
6EN,0.88228106
2w9,0.0024116847
4o2,0.023554139
5yl,0.044997152
6fi,0.047770478
5yl,0.02695284
6fj,0.04882092
6f7,0.061532572
6hx,0.011758706
5lp,0.02908317
6h9,0.010209062
1z2,0.015857257
5yl,0.009688229
6fj,0.039293956
5xa,0.04487118
4o2,0.017283337
6ag,0.046460997
5xa,0.0028390668
6gf,0.013616597
5xi,0.033498313
5jc,0.033362955
5os,0.015217159
6nn,0.028980074
3ut,0.020733833
2fx,0.0018905854
3dx,0.0014857654
3dx,0.0014891623
3uk,0.03376846
5tg,0.0021103697
3ek,0.0021254735
4k4,0.0013977049
4k4,0.0016906979
3rs,0.021955488
6qr,0.0017962151
b51,0.0015962365
ba1,0.0022694876
1j6,0.0040044165
5l0,0.001206836
5l0,0.0013028581
1aw,0.0025720987
5wc,0.0010847322
6mv,0.00090748834
5w8,0.0009001603
1b7,0.00079589285
5n6,0.00073048344
1lv,0.0007899124
2y8,0.0006746357
1lk,0.00068354653
2xe,0.00073344825
1JW,0.00078953564
1JX,0.0007859014
5i4,0.0007764208
1iw,0.005590756
1lv,0.1545253
1pk,0.1401885
1xa,0.0028212892
2mg,0.0022114227
1xf,0.13150515
2w7,0.002157429
5j7,0.0019764905
5ni,0.0018191583
6m7,0.0020911596
3if,0.00658349
2lg,0.0017902249
2ll,0.0019333148
1ct,0.00444123
1qi,0.0015818834
2ll,0.0020938024
2n2,0.0019467485
1s2,0.13163848
5vi,0.018010223
4eo,0.0009859657
3ag,0.00073725835
5or,0.00089399813
6gu,0.0009010794
1e1,0.0011647318
4u4,0.0008351761
1e1,0.0010245263
4n6,0.0009201391
3bw,0.0007593118
6gu,0.001098759
5or,0.0008707694
6gu,0.0010954674
2c3,0.00090570084
2cs,0.00079967896
5vd,0.044030145
1q8,0.00072537636
1nv,0.0007218568
1b3,0.00093977957
5oo,0.0007229802
5lv,0.00096527947
1xh,0.00071132905
2xj,0.00087965076
2br,0.0007658337
1js,0.001030489
1nv,0.0007438047
4uj,0.0007645166
1q8,0.0007397788
5vd,0.047630075
3e5,0.0009283194
1xh,0.0007132847
5ko,0.0007926258
4uj,0.00077017024
3my,0.0012121502
6ei,0.0011276124
2wt,0.0010965313
3dn,0.00072549103
5vj,0.000744052
4bc,0.00095999206
2xm,0.000965364
4z8,0.0007759075
4z8,0.0008044743
2xn,0.0010218592
5vc,0.00890337
3dn,0.00078084186
4bc,0.0010071333
6ei,0.0011330922
6ei,0.0035008853
3bg,0.00084809004
4bc,0.001047315
3jy,0.00089056516
2er,0.0007080782
5ip,0.0010006631
5t8,0.0012547545
1px,0.0010864337
5iz,0.000781489
3jy,0.00085898564
2c3,0.0007051613
5oq,0.0008084011
6gz,0.0008883356
2e9,0.0006976777
6gu,0.0012270677
2o0,0.0012057723
3ag,0.00070130505
3up,0.0009726543
2br,0.00071613496
2xj,0.00089302676
4k1,0.0008290711
5vd,0.033545114
1nv,0.0007460034
4c2,0.0011640991
3rw,0.0009169038
2br,0.0007395492
1st,0.00079699815
4uj,0.0007877899
1xh,0.00066377735
3ub,0.0008072592
1q8,0.00075416337
5vd,0.0008565035
4uj,0.0007136471
4i3,0.0010365928
6ei,0.0012879019
4rq,0.0008816862
1h1,0.00095925777
4bc,0.0010172832
5dw,0.00092197885
5ih,0.0010557974
3bg,0.00089778565
6ei,0.0010948479
5vc,0.020823555
5vc,0.0007704291
4gu,0.0009347797
5vc,0.00080223696
2fv,0.0013061686
1xj,0.0007162197
5jq,0.0009340565
3uo,0.0011183883
4bc,0.001403593
4k0,0.00086055533
5vc,0.035269115
5l2,0.0016361971
4rq,0.0010227256
5vc,0.036482267
3uo,0.0010131008
4bt,0.00079858827
5os,0.00088853703
3np,0.0010585467
5my,0.0009654795
5iz,0.0007031353
5au,0.0008814503
5os,0.000965711
5os,0.00095935643
1yd,0.00075881253
1px,0.0012501404
5op,0.00075024815
3jv,0.00073673256
1xw,0.0009595979
3d0,0.00070405996
2jd,0.00076854764
5t8,0.01853899
5op,0.00070311123
1px,0.0011310556
2ex,0.00245722
3jv,0.0008554049
5os,0.0009818927
1yd,0.00070248544
5v8,0.0009218488
1yd,0.0007443292
6qa,0.0009063492
2c6,0.0010369092
4cf,0.0022828055
5ew,0.0009874312
4ac,0.0013106754
3zo,0.0006844974
6gu,0.000996192
3zl,0.0010094029
4xh,0.0008595947
6oy,0.008852159
3id,0.0006561135
6ay,0.00097335945
2v2,0.0007539179
5xv,0.0009161515
2yd,0.0006539173
6c0,0.0009950981
2e9,0.00078245223
4y4,0.0010427501
6gu,0.001009401
6r4,0.0010211354
3zl,0.0009102058
2vt,0.0011816819
5a1,0.0010700146
5ui,0.0014854196
4hy,0.0007370678
3up,0.001015101
3rj,0.0011358367
4cf,0.0009204367
4nu,0.000750277
2c6,0.0023259034
3nr,0.000981486
1v0,0.0010796782
5ui,0.026689183
2ym,0.0008215334
2vt,0.0012454924
4bz,0.0009378092
2c6,0.0009177328
4h3,0.0012658664
4y8,0.0010731039
5k7,0.04626627
2eu,0.0012780423
3jx,0.00086577696
4u4,0.000781037
1z5,0.00095529127
2ay,0.0007613535
2ya,0.00080039905
5oq,0.00069902296
6qh,0.0008042071
4cf,0.0010229688
2x8,0.0007472691
3uy,0.00088248873
4al,0.0009126006
4ly,0.0012398044
5lm,0.0008970739
5dg,0.00087207014
3vc,0.0010306974
6qg,0.00092175545
5or,0.0011009097
4b0,0.0010681835
2wm,0.00077515916
4eo,0.0009380414
2vt,0.00094875647
3hr,0.0009438078
6e9,0.0007404136
4eo,0.0010334664
2c5,0.0009975613
2wm,0.00073497876
2a0,0.0011075488
1yi,0.00090593623
4bz,0.00096761645
3q9,0.000721859
2ou,0.00076841674
5ui,0.04280262
2vt,0.0014444932
4eo,0.0009937505
2qh,0.0007449356
3ti,0.0010786674
6gv,0.0009137238
2c6,0.0009938532
2vt,0.0011295092
5ui,0.09045251
3zl,0.0009312594
3am,0.00077272416
1wc,0.0011669849
4hy,0.00078329636
4y8,0.0018107541
3ti,0.0011131557
3zo,0.00071653235
5kq,0.0008208038
3f2,0.00091657287
4h3,0.001074451
6qh,0.0009232683
2vt,0.00118053
2vr,0.0012938041
6c0,0.0006991399
4cf,0.0010414226
2wa,0.0011498083
4by,0.00091143826
5dh,0.000816774
4el,0.0008115284
5or,0.0009819352
3u9,0.0007265763
4ra,0.00069301063
6gu,0.000916746
4wt,0.0010010112
2ya,0.0017033755
4cf,0.00093842676
5fd,0.00069912267
3kg,0.0008520423
6nf,0.0007854911
6gz,0.013025707
2vt,0.001290062
3an,0.0012104665
1vy,0.001151793
2c5,0.0009649104
6o9,0.010366614
5a4,0.0010013562
6my,0.0014842813
5dh,0.00081626815
5xs,0.22656925
2vt,0.003613224
3og,0.00066063233
3pj,0.0012135069
5or,0.0009087512
5uo,0.007168487
6gu,0.0008352952
2x8,0.000754046
2o3,0.0008913036
1p5,0.00096905447
3d1,0.0010273781
6k0,0.0012359631
4u4,0.000792905
3rc,0.00086966873
1fv,0.0018851296
3wb,0.00092777936
1ol,0.0007595516
3mv,0.0007619676
3un,0.0012483143
3my,0.053258605
2uz,0.0010668593
3dc,0.0010189373
5y7,0.0008631705
1h0,0.0010779301
3pr,0.0006528681
4jg,0.000894113
1ke,0.0010094716
3ez,0.001154384
6eg,0.17698798
4ja,0.0010484613
4a4,0.00081539445
5ii,0.0010484839
2gh,0.00075274287
1h0,0.0010855192
6ck,0.0009576026
5ac,0.0024388127
4uj,0.00072777754
4jg,0.00112106
4rv,0.00087143463
2w0,0.0012005769
3r2,0.00078694517
6cm,0.000876493
2cg,0.0007395286
6mm,0.0007030229
3bi,0.0007063318
3bi,0.00069477333
6em,0.0007172873
3px,0.0011758369
2uu,0.0010914437
4m8,0.0010719912
4yo,0.012236198
3zt,0.0010411231
4xv,0.00072601216
6ek,0.00089281774
1ke,0.0011111445
2ob,0.0008519779
4bd,0.0009020589
5d9,0.00077898474
5j5,0.00078382395
4ot,0.0019789385
2br,0.00074069866
5js,0.0006590841
5d9,0.0007783593
4bd,0.00090474146
4xs,0.0012968051
2xf,0.0008307856
2xi,0.00085644313
6em,0.001223315
4er,0.008641401
4pp,0.000683501
4hg,0.0009008856
2vo,0.0007355318
4ot,0.0009012195
4g1,0.0008813736
2gn,0.0007184109
4rp,0.00085243414
5w8,0.014782574
3r2,0.0009633236
3gp,0.001451421
2j4,0.00104691
3px,0.000929173
2br,0.00074077485
2pe,0.00083555916
6bx,0.000874349
4jb,0.0010933274
4k1,0.0009500363
3r2,0.0011168455
3qb,0.0009713998
1oi,0.0010106902
3um,0.0008412579
4bd,0.00084763503
6ib,0.0008849972
3tt,0.0011611565
6rf,0.018461937
3g9,0.0013421043
1ke,0.00094123714
3r8,0.0014061359
4lm,0.00084440684
2cg,0.0007216209
1pm,0.0010595298
4jg,0.0013825312
1h0,0.00094394723
3sk,0.0007189283
1b3,0.0010880277
1ke,0.008815244
4it,0.0007515641
1h0,0.0010745992
3un,0.0011158813
2uz,0.0010597609
5ci,0.0008751659
4xv,0.0006980851
2cg,0.0007804139
3mv,0.0007903187
4cq,0.0010484565
4ty,0.0008924788
4zs,0.0011335305
4bd,0.0010131425
6eg,0.011091901
2gn,0.00072734663
5hv,0.021787573
5kc,0.0009889405
4ot,0.0009344236
5w8,0.027449824
6ck,0.0015599291
4g1,0.0008999509
3k5,0.0011279597
2wu,0.0010391297
3qd,0.0009346202
2xc,0.0009322201
2w0,0.0008616822
4bd,0.00093467
3um,0.0008021135
4ar,0.000780645
2xi,0.0008288134
4bh,0.0016089348
3os,0.0007685729
6rl,0.0007267821
2br,0.0007757225
5ta,0.0007831758
4bd,0.0008854732
3vw,0.009381441
3qd,0.0009056735
3do,0.0010074797
6b8,0.00066207134
3g9,0.0011925418
1oi,0.0010199032
2br,0.0007742409
6f2,0.0009377857
4mq,0.0010972834
1uu,0.0008852521
5ih,0.00082458206
4um,0.00084018783
2bp,0.0009854146
3tv,0.0006643409
4bi,0.007508553
4a9,0.00094674097
3e8,0.00081792776
2uw,0.000696227
4g9,0.00064823806
6il,0.00075207616
2rk,0.0008219912
2xk,0.0008394463
4qm,0.0008630339
4um,0.00082479505
4bc,0.0008596816
2w1,0.0010525146
2io,0.0007179451
4wn,0.0008899349
2xn,0.00076421583
4a9,0.00087669154
4bi,0.0012001622
3uo,0.0010181137
2np,0.0011578099
3r9,0.0009999122
4x7,0.00073736924
6fy,0.0009587163
4g3,0.00068472594
1sv,0.0007662375
3p9,0.0011581357
6cc,0.00079897715
3ox,0.0010663156
3wi,0.0008078779
3dd,0.0009523262
1uv,0.0008266569
1ok,0.0009084576
3r0,0.00089403323
6q8,0.0009885556
6ny,0.00068497215
4yh,0.00059948413
2uw,0.00077869534
2xk,0.00096053677
1y9,0.007856015
1h2,0.0007551518
4de,0.0011010863
3db,0.00077792414
3sc,0.0010666845
3or,0.0008619865
5aa,0.0009753672
3fd,0.0008763686
4qm,0.0009244845
2w1,0.0017935204
6n3,0.0007943258
3ul,0.0009005062
4i6,0.00075987814
3ow,0.00081486796
2wt,0.0008684006
4nc,0.00730684
3ui,0.00092245085
3ow,0.00076801225
1xo,0.0011191589
4bc,0.014788888
4pr,0.001030898
4qm,0.00082932116
1h1,0.0009751998
2wt,0.00094679074
4i6,0.00068350404
3ps,0.00070697785
1re,0.0007274731
4x7,0.0012337678
3db,0.0008079005
3pp,0.00063109363
3uo,0.0010222555
4qm,0.0007917399
4zt,0.0011053788
6q8,0.0010635125
4xx,0.0010677858
2wt,0.0008577226
3qc,0.0008723035
5up,0.006799975
4c3,0.00070162
6f3,0.01038525
6fy,0.0011328378
1pf,0.0032464028
3r0,0.00084554544
4x7,0.0007149497
4tw,0.0010804367
3dd,0.0009956611
3m2,0.000856621
5f4,0.0007318849
2uw,0.0007062596
2xk,0.00085806416
2w1,0.0010200769
3hd,0.0100050615
5ok,0.0008242967
5on,0.00096057536
6b3,0.009663917
4x7,0.000682845
2xn,0.0010980244
5u9,0.00075470976
5mh,0.0008837305
5vc,0.00072439515
1uu,0.0008610304
4zt,0.010793444
2ds,0.0010309446
6cj,0.001092995
4x2,0.0009467773
2uw,0.00077512785
4qm,0.0008640301
2w1,0.0010338224
6bs,0.0009816457
2wt,0.0011833322
2xk,0.0008369354
5l2,0.00096333487
3r9,0.0009959618
4qn,0.00081335305
4bi,0.01536265
4a9,0.00096019724
6bu,0.00072587363
4um,0.0008165801
3rp,0.008286975
2w7,0.0008731723
1uu,0.0008870221
5jt,0.00070262066
4a9,0.00082594604
4bi,0.001496207
1ve,0.0007333165
2gc,0.0010257505
3r9,0.0011138474
2zd,0.0010699602
3qc,0.0008573811
6cj,0.0010103267
5ob,0.001057642
3qc,0.00084892235
6cj,0.0011380758
5kk,0.00069060543
3wi,0.0007229522
4zt,0.0010737054
3ps,0.00066151994
3cq,0.0007399711
3ot,0.0007191486
6f3,0.019526359
4g3,0.002317908
4wh,0.00118205
3da,0.0011869537
3wf,0.00084766967
6fy,0.00088732346
5uz,0.0007104317
2vg,0.0010111807
3pp,0.0007166657
1re,0.0007200441
3v0,0.00081948773
4de,0.0011138954
5jq,0.008324561
5kn,0.0008373226
2yw,0.00073552504
5wv,0.0015870077
2du,0.001266379
2oj,0.000723382
1h1,0.0011407953
4qm,0.0008611051
6cj,0.0009313039
2xn,0.0007777612
4tx,0.00084047357
5aa,0.0009813448
4gv,0.000802594
3we,0.0008168178
1h2,0.00070712174
3qc,0.0008291804
2xk,0.0007427963
6n3,0.0007191121
5ih,0.0008569653
5ho,0.00089854514
3ra,0.0011937452
3l9,0.00069056504
5op,0.0007202846
4kb,0.00087523245
4qy,0.00069983886
2yi,0.0008221425
3ej,0.0018584742
1di,0.0010866406
4jx,0.00093176664
5au,0.0021287866
5os,0.00095370866
5t8,0.0012320317
3th,0.00073842244
5op,0.00070768484
1yk,0.001039417
1px,0.0010853369
3vb,0.0007941741
6qf,0.00096510956
3fy,0.0009404261
4an,0.00079336675
6hm,0.0008316591
2x6,0.001050237
2iw,0.0011157918
4mb,0.00066527457
4d2,0.0008977475
5lo,0.0009835651
2ow,0.00074448535
2c1,0.00078474305
2wi,0.0009343557
1px,0.0012870857
1yh,0.0008653617
5es,0.0008925039
5au,0.0007484974
4d2,0.0008212881
1g5,0.001008171
2r3,0.000996906
3io,0.000956468
3qt,0.0010124488
6t6,0.0009392061
2a4,0.001241877
3pa,0.0008639607
5z1,0.0009924265
5cs,0.00066646154
2r3,0.0014266089
4nw,0.0008324842
3qt,0.0012487781
2we,0.001071293
4en,0.00080802955
2jb,0.00089516654
2jd,0.00074891315
3h0,0.00095371786
6e2,0.0008393201
6e4,0.0008026365
3fp,0.0008057223
3ii,0.000657738
3fv,0.001037229
2r3,0.0026780008
1un,0.0065733613
6g4,0.0017298193
4kb,0.0008246186
2yc,0.00093107193
5m5,0.00073714583
2r9,0.0012072892
4eh,0.000646271
3qx,0.0012609407
6o8,0.014343468
1px,0.0010470029
2x3,0.0007446784
3tn,0.039603222
6hk,0.0014311704
3eo,0.0009955443
5tx,0.000686047
5au,0.0012220484
4mb,0.00095409696
3fy,0.0008756037
3rk,0.0012519802
1px,0.0010760206
2o2,0.0009857509
4dt,0.0011647401
5a5,0.0012475942
2x6,0.00094976363
2iw,0.00087030017
5ho,0.00085191446
4yp,0.027374862
4an,0.00092609157
2i4,0.0010517574
2vu,0.0011149582
5ne,0.0010221833
5tw,0.00092726626
5au,0.0008328533
2yc,0.00079094886
5os,0.000921677
5op,0.0007459493
4ob,0.00085509924
2yi,0.00070741284
1e9,0.0009745231
6p3,0.0007848923
5x8,0.0009671343
3l9,0.0007280145
2ye,0.0007708991
2iw,0.0010275353
3ef,0.00091437437
2p3,0.0010430278
3ns,0.000989715
5di,0.0008066659
3rk,0.001099885
5my,0.000904966
4an,0.0008171615
5k0,0.00084750017
5kz,0.0008709278
4uz,0.0010055485
2yc,0.0008419085
3f6,0.0008021473
5v1,0.00091545226
3qt,0.00094359164
3co,0.0009214889
5cs,0.000693926
4id,0.008433231
6e2,0.0009879804
5m5,0.0007711241
4en,0.000751516
4rl,0.0007844623
2r3,0.0009956092
3qq,0.0011251543
3tn,0.05017706
3nu,0.0008636312
2r3,0.0020424977
5z1,0.0008004074
5di,0.0008905225
2pz,0.00092446996
3s1,0.0009834584
3pa,0.00082347763
2r6,0.0011747119
3pa,0.0007056721
2r3,0.0010766606
1un,0.0011390203
2c4,0.00681187
6mt,0.00093533116
3qt,0.0010950873
2e9,0.0007012164
5or,0.0009343079
3kb,0.00081795384
3wz,0.0010865238
5tu,0.000868304
4al,0.00086480274
6hj,0.00092990743
5o1,0.0010095778
2xr,0.0009768534
4w4,0.00088632037
2c3,0.000702486
4j5,0.0007822268
3mb,0.00083427125
3lq,0.03851996
3ig,0.0012738403
5oq,0.0008068427
5a4,0.0012760058
2c6,0.001139742
1py,0.0039425353
1v0,0.0021529042
6gv,0.001010128
5ct,0.0006869384
4h3,0.0012023732
2x8,0.0007258502
3ag,0.0007260259
4xh,0.00090967776
5kx,0.020828279
6qg,0.0009179035
4w4,0.0009456128
5o1,0.001219012
2vt,0.0010603832
3ma,0.00081812165
2g9,0.0010621018
2gu,0.00075358816
3ig,0.0010492037
5mr,0.00091137574
5k4,0.0011163283
4af,0.0011017802
3zl,0.00084593805
2yd,0.00071311265
2o6,0.0008848368
6gu,0.0012745018
2c5,0.0010023457
4cf,0.0010069113
2z7,0.0009317983
4wr,0.0009985822
1aq,0.0010533226
2o6,0.0009174746
6oy,0.000980566
5mx,0.001626436
2vt,0.00088607037
2c6,0.001013178
2vt,0.0012759857
5ui,0.001535771
3s0,0.00095895305
4y7,0.009744551
3bw,0.0010281991
2i0,0.0007272095
3cg,0.0011745051
5hk,0.0008356318
5uo,0.00091582903
4w4,0.0011283826
4eo,0.0009251428
3uz,0.0008382257
2vt,0.0013514428
4gc,0.0011101664
5or,0.00093915267
2c6,0.005848866
2r7,0.00081115874
4zk,0.0008142005
4eo,0.0010003507
3an,0.0010957223
5or,0.0015045682
4j5,0.00072751724
5mq,0.000998454
6gu,0.0010303069
6hj,0.001112366
4w4,0.0010491799
4u7,0.001136559
6c3,0.00067883736
5oq,0.0006633865
5ax,0.00088212197
5kx,0.0089529045
1vy,0.0038170167
2e9,0.0006863906
4af,0.0008313885
3s0,0.0011809521
4al,0.00083505805
4h5,0.0006419556
6g3,0.0010318528
3cg,0.0011603903
5v5,0.0007897381
2ym,0.00073410256
2ho,0.0007037145
1dm,0.0010922153
3am,0.00073772593
2c6,0.0024146577
5a4,0.0011368074
4n6,0.0010037232
5hn,0.0051192264
4eo,0.0010530746
2qh,0.00073372945
2ym,0.00078533136
2vt,0.0009874994
3ti,0.0011280426
6e9,0.0007208992
4by,0.0010527171
6i5,0.0009748153
3d4,0.0006440265
3qu,0.0011538212
2o6,0.0009134475
5a4,0.0012455147
3zo,0.0007116566
2x8,0.0009728297
6gu,0.0015102301
2c5,0.001108548
2yd,0.0007449837
2gn,0.00069139135
4bd,0.0008960446
1oi,0.0009784197
4bg,0.0009835839
5f9,0.00066307315
2oh,0.00069073564
4db,0.00065729796
5eo,0.0008797214
2bt,0.001096955
4qf,0.0008913574
2hx,0.0007433903
4lm,0.0009009705
3g9,0.0012230182
1jv,0.0009504463
1xh,0.00077213487
3pt,0.0010045528
6f1,0.0009590515
2j2,0.0009493846
3mv,0.0007673895
2wp,0.000954028
4cq,0.0006632528
2pe,0.0009293328
5w4,0.0008662067
3kv,0.0013421137
3r2,0.00091623917
6eg,0.00068849785
4bd,0.0009667126
4rv,0.0007374432
2gn,0.00067613344
2ok,0.0011169862
3vq,0.0007987119
4yl,0.0010839662
3fi,0.0014738003
4e2,0.0006700522
2xe,0.0007028495
3le,0.001392447
1xh,0.00076737464
4rv,0.00072687044
1ke,0.0009677554
3r8,0.0014590845
1uw,0.00062028406
4a7,0.0009770622
3my,0.0009550752
4gw,0.0009514717
2gd,0.00076354906
4a4,0.00084744825
4ja,0.0010538523
5y8,0.0013796829
4it,0.0006972245
1ol,0.0007211697
3ez,0.0070282086
2uz,0.001404694
4lm,0.0007873053
6ft,0.0009575293
3qk,0.0007647108
4xv,0.0006501906
4qf,0.0016257712
4hg,0.000897817
2uz,0.00096582755
1ur,0.00097137847
3oy,0.0011695988
2w0,0.001101686
5ol,0.00072242034
4e4,0.0006392401
3qk,0.00080839865
3lf,0.001240712
6b2,0.00077619473
2uz,0.0009953455
4hg,0.00092942454
4jb,0.0009722925
2b1,0.0010651848
3px,0.0010276923
4hn,0.00079997105
3fi,0.0010590497
5j5,0.000789049
4yl,0.0011359996
2xj,0.0009561906
1pm,0.0014002302
1xh,0.00074799306
4rv,0.000768612
3cy,0.0008602569
4yl,0.001196289
2pe,0.0007915433
3lf,0.0010589578
3un,0.0010950987
5vd,0.0007444372
4a4,0.00078993
2in,0.0008595056
2cn,0.00092309
4bd,0.0014895675
6ib,0.0009093268
2gn,0.0007000916
3bl,0.060915306
1ur,0.00076890463
4bd,0.0008937193
5lv,0.0010182849
3qd,0.0010759623
1oi,0.0010625005
2uz,0.00077340455
4mq,0.0010707483
1oi,0.0009913662
1oi,0.0009043615
2xc,0.00089036906
4bd,0.000891038
3nl,0.0006833135
2xi,0.0010459584
4qf,0.000823047
2bt,0.0011149859
2f2,0.0013812433
2cg,0.000754574
1pm,0.0011841594
3rw,0.0009394869
1h0,0.0011824743
3qk,0.0007598803
6ok,0.014077164
6b2,0.07483185
3tt,0.0010506079
4xv,0.00067057885
6rf,0.0012504563
4r5,0.0006637185
6ft,0.0008830087
3r8,0.0010905988
2uz,0.0013439851
3rt,0.0011457765
1fv,0.0010386736
4hn,0.0008481846
6ck,0.0009547195
5jz,0.0008309158
5y8,0.00084637105
3px,0.0010134035
4qo,0.0008786185
4dh,0.0010153002
4it,0.0007374899
6ck,0.0014541856
2hx,0.0007315328
4bk,0.00086833874
4ax,0.0007876233
3fc,0.0008302887
3py,0.0016296278
4ks,0.00063618476
4c3,0.0007547569
2xk,0.000764548
4bc,0.046434
5lq,0.0013794777
4qm,0.0009164373
4ez,0.0017203593
6oc,0.000738361
3la,0.0010553923
1h2,0.00076929125
3ot,0.0008407095
5aa,0.001041911
4qm,0.0009337067
6n3,0.00075944065
4wn,0.00082471245
3wf,0.0008882995
5j1,0.0009974911
2wt,0.0009538446
2xk,0.0007739028
3qc,0.00083876844
5l2,0.0014764508
4qm,0.00080475525
4bc,0.061463676
4i6,0.00073958194
2xm,0.0011394178
4c3,0.000725174
4i5,0.0009082688
3uo,0.0010674512
4g3,0.0031467087
3cq,0.0007411209
3v0,0.0009438524
3wf,0.0007731571
5to,0.0009012515
3eq,0.0008946449
3c4,0.0006501847
3uo,0.0009967005
2b5,0.0011616969
2xk,0.0008189685
3da,0.0011392392
4um,0.0015566627
2w1,0.00096405065
2xn,0.00081226625
1ok,0.0008014882
3uo,0.0010860399
2cl,0.0019426198
2w1,0.0010686324
1sv,0.00076017174
5ok,0.00081191683
5hx,0.00075263856
2xk,0.0008857972
2b5,0.0010597386
3pp,0.00086917303
2j5,0.00089843787
3v6,0.0012184465
3rz,0.0011464258
6n0,0.0006420849
3ha,0.001020052
1ok,0.0008261069
1re,0.00074375217
4nj,0.0010352769
3r0,0.00097268925
2xh,0.0007777469
4x7,0.00076642534
3rp,0.0012399534
2uw,0.0007671193
2xn,0.0010660521
1sz,0.0007648023
4rr,0.001117314
3r9,0.0012021879
3m1,0.0011386963
1og,0.000892401
4zt,0.038500644
5vc,0.014900313
5ih,0.00091274275
4fc,0.0006967134
5jr,0.00067678315
5d1,0.0011653014
3wf,0.0008447099
1h2,0.0008273948
2oi,0.001496737
3uo,0.0010579262
3bg,0.0008571571
2xm,0.000849889
4qm,0.0008602472
4zt,0.0010356476
4bc,0.04232938
1w0,0.0013416618
4c3,0.0007311464
6f3,0.027485397
3c4,0.0009620708
4g3,0.001601011
4au,0.0014432099
5aa,0.00094310584
5nw,0.00069325045
5te,0.0008896129
1h2,0.0008234525
4az,0.0013505631
5j1,0.0008875541
6ei,0.0013384824
3wf,0.0007613472
2xk,0.00087672623
4qm,0.0010053184
5ih,0.0009062263
4de,0.0011047465
4tw,0.0009135741
4ez,0.0010019202
6f3,0.0010859004
3py,0.0009845146
4ks,0.0006773541
4bc,0.010600474
4qm,0.0009318056
1h1,0.0009871135
4i5,0.0008083411
2wx,0.0010376516
3r0,0.0009292612
4au,0.0012981282
4x7,0.0007275984
1sv,0.0007135855
4zt,0.01663692
5vc,0.0008093955
4ji,0.000778389
2uw,0.0007327491
5vi,0.023975302
4x7,0.0006849432
3iw,0.0006817227
5ea,0.0008000691
4g3,0.0006985484
6fy,0.0009081473
2fu,0.0009013683
6n0,0.0006790759
2vg,0.009438981
5ob,0.0010735675
3hd,0.00090725394
1uu,0.0009292901
2xb,0.0008315342
6cj,0.0010322317
2hy,0.00074089057
2b5,0.0024788494
5ih,0.0010079884
3a2,0.0008585351
3v6,0.0013161915
6mo,0.00970939
6ej,0.0012110111
6ns,0.00060736085
3tv,0.00058683084
4qm,0.00092202344
3rp,0.0010736425
2w1,0.0010238258
2b5,0.0010104548
6ei,0.0011488753
5d7,0.0009552307
5l2,0.0016870095
3db,0.0008082522
2xn,0.00084708515
1ok,0.00078229065
2r3,0.001372401
6c2,0.0010253746
4yu,0.000979776
4kb,0.0010084314
5t1,0.01315712
5cy,0.0011202458
4uz,0.00090110704
4nw,0.0008255887
2zv,0.0006686936
5t1,0.010301901
3rk,0.0012028713
2r3,0.0011044452
4ob,0.0009628459
3nu,0.0008438411
4q9,0.00065053627
3zm,0.0009392917
3qt,0.0011081991
2yc,0.000827971
3qt,0.0010746955
5v2,0.010102631
1un,0.0014130712
5m5,0.0008076336
3ei,0.0010036093
5a6,0.0007920896
4id,0.01015328
6e2,0.0015068306
6e4,0.004622297
3h0,0.0009972237
5a3,0.0010774039
4uy,0.0010263878
6c4,0.0006478171
6g4,0.004133257
4an,0.0007854069
3ra,0.0011451684
4ma,0.00127971
3sq,0.0010423034
2we,0.0010234936
3tk,0.0007362387
3ra,0.0010606023
6r5,0.0006578771
2r3,0.00093523395
5av,0.005291632
3rk,0.0010107292
5op,0.0007399767
3kl,0.00086818804
3vb,0.0008499895
2yi,0.0009068899
4w9,0.0007996815
5xq,0.036055967
2c1,0.0006852611
2vv,0.0010541364
1px,0.009188257
6er,0.000729222
5au,0.00089069136
4d2,0.0012260383
3s2,0.0012738302
5vt,0.000963374
2jb,0.00089033163
3q4,0.0006445332
5ey,0.007870681
4qy,0.0007498667
3vb,0.00082788616
5iu,0.0011873503
4d2,0.0012106634
4mb,0.0008924279
3fz,0.0011945037
6e4,0.0008583479
5o0,0.0007307022
2jd,0.0007131044
5op,0.00069528
4kb,0.0008874068
1p2,0.0075995107
5m5,0.00081361795
3jp,0.0009965551
4eh,0.0005988823
2fb,0.00063983584
1r7,0.0010728115
2r3,0.0011641863
4ob,0.0008373647
5tw,0.00075336755
4bt,0.0008291301
2p3,0.0010277883
5dl,0.00068739837
4n7,0.0011670684
4ws,0.0009392652
2r3,0.0010601154
2bm,0.0009803941
2bk,0.00097470096
3nu,0.000782525
3qt,0.0009637568
5os,0.0010325885
3h9,0.0007397162
3kc,0.0011476995
3oc,0.0007982408
3vb,0.0007698622
4d2,0.0010147137
2jd,0.0007906951
6hm,0.0007373365
3f9,0.0006986495
5ey,0.001036973
3vb,0.00088116317
6er,0.0009216715
5op,0.00069327926
2ye,0.00069290475
4y5,0.0011029743
3l9,0.0007203523
5un,0.0008111667
3tk,0.0007215381
6ng,0.00080924993
4qy,0.0007327891
3vb,0.0007976227
2ex,0.00109156
1v1,0.005777107
3zh,0.0007428067
4rj,0.00088166865
5au,0.00082712225
1zr,0.00073202595
3rn,0.0009915035
5os,0.00086769194
3va,0.0010192331
4w9,0.0007883471
1x8,0.0007773657
3rm,0.0010558107
6cq,0.0007439018
3io,0.00079180853
6B2,0.042522494
4TW,0.00088337733
4TW,0.0009362979
6h8,0.0008902816
5az,0.0009032961
5e6,0.0015714819
6ho,0.0011340708
5dp,0.0009952651
5az,0.0010022676
6ho,0.0011741369
4eo,0.0007885633
3do,0.00095567456
2l8,0.0010335378
2n9,0.0011739151
5gm,0.0009827327
3d3,0.0009472083
4xc,0.0009913549
4my,0.85735
7V5,0.53145945
4pl,0.6835265
4ay,0.4975014
4ay,0.6419602
3WM,0.726722
3WM,0.7095444
7DQ,0.7586836
6TE,0.81886613
6A6,0.6948782
7PH,0.5756243
6A6,0.7136425
4AY,0.45697746
7VR,0.76328015
4AY,0.54960275
4AY,0.38610286
3WM,0.73505545
7PH,0.64077646
b21,0.40141815
6o3,0.4224459
7k00,0.07669191
7k00,0.0021248863
7k00,0.001982902
7k00,0.0027705634
7k00,0.16735426
7k00,0.0012226268
7k00,0.0040626405
4H1,0.83173555
4Q6,0.011234974
3C4,0.8630317
4KZ,0.8848657
4QS,0.83941436
6HZ,0.8624663
4U0,0.3610126
6DT,0.8903596
4LY,0.886707
1DB,0.8832085
6FF,0.8857466
4DX,0.8122796
5BX,0.88764757
4WJ,0.08498464
1YT,0.8870888
5JJ,0.8781868
3AI,0.8125553
4MN,0.54330724
4X0,0.8450183
4EX,0.8873102
3VX,0.8860113
2WC,0.0015108605
6M7,0.8854322
6BG,0.88219506
3VG,0.8862707
2X4,0.88306123
4QS,0.7882897
3H4,0.86990213
4AY,0.88236314
4BX,0.0026010936
4NU,0.8494394
5UK,0.4131208
3T7,0.8042472
6EO,0.8856913
4BL,0.8425276
2X6,0.026753156
4UA,0.88868684
